checked_at,country,city,city_id,level,rate,error
21-09-2026 15:29 IST,India,Coimbatore,2019,High,100.00,
21-09-2026 15:29 IST,India,Demow,137,High,100.00,
21-09-2026 15:29 IST,India,Goa,132,Low,20.79,
21-09-2026 15:29 IST,India,Indore,2026,High,100.00,
21-09-2026 15:29 IST,India,Kadapa,2060,Moderate,35.34,
21-09-2026 15:29 IST,India,Madurai,2027,High,100.00,
21-09-2026 15:29 IST,India,Mangalore,59,Moderate,32.48,
21-09-2026 15:29 IST,India,Manjeri,97,Moderate,33.02,
21-09-2026 15:29 IST,India,Silchar,2062,High,100.00,
21-09-2026 15:29 IST,India,Tiruchirappalli,70,Moderate,55.57,
21-09-2026 15:29 IST,India,Vijayawada,2064,Low,15.49,
21-09-2026 15:30 IST,India,Coimbatore,2019,High,100.00,
21-09-2026 15:30 IST,India,Demow,137,High,100.00,
21-09-2026 15:30 IST,India,Goa,132,Low,20.79,
21-09-2026 15:30 IST,India,Indore,2026,High,100.00,
21-09-2026 15:30 IST,India,Kadapa,2060,Moderate,35.34,
21-09-2026 15:30 IST,India,Madurai,2027,High,100.00,
21-09-2026 15:30 IST,India,Mangalore,59,Moderate,32.48,
21-09-2026 15:30 IST,India,Manjeri,97,Moderate,33.02,
21-09-2026 15:30 IST,India,Silchar,2062,High,100.00,
21-09-2026 15:30 IST,India,Tiruchirappalli,70,Moderate,55.57,
21-09-2026 15:30 IST,India,Vijayawada,2064,Low,15.49,
21-09-2026 16:00 IST,India,Coimbatore,2019,High,100.00,
21-09-2026 16:00 IST,India,Demow,137,High,100.00,
21-09-2026 16:00 IST,India,Goa,132,Low,20.79,
21-09-2026 16:00 IST,India,Indore,2026,High,100.00,
21-09-2026 16:00 IST,India,Kadapa,2060,Moderate,35.34,
21-09-2026 16:00 IST,India,Madurai,2027,High,100.00,
21-09-2026 16:00 IST,India,Mangalore,59,Moderate,32.48,
21-09-2026 16:00 IST,India,Manjeri,97,Moderate,33.02,
21-09-2026 16:00 IST,India,Silchar,2062,High,100.00,
21-09-2026 16:00 IST,India,Tiruchirappalli,70,Moderate,55.57,
21-09-2026 16:00 IST,India,Vijayawada,2064,Low,15.49,
21-09-2026 17:00 IST,India,Coimbatore,2019,High,100.00,
21-09-2026 17:00 IST,India,Demow,137,High,100.00,
21-09-2026 17:00 IST,India,Goa,132,Low,20.79,
21-09-2026 17:00 IST,India,Indore,2026,High,100.00,
21-09-2026 17:00 IST,India,Kadapa,2060,Moderate,35.34,
21-09-2026 17:00 IST,India,Madurai,2027,High,100.00,
21-09-2026 17:00 IST,India,Mangalore,59,Moderate,32.48,
21-09-2026 17:00 IST,India,Manjeri,97,Moderate,33.02,
21-09-2026 17:00 IST,India,Silchar,2062,High,100.00,
21-09-2026 17:00 IST,India,Tiruchirappalli,70,Moderate,55.57,
21-09-2026 17:00 IST,India,Vijayawada,2064,Low,15.49,
21-09-2026 18:00 IST,India,Coimbatore,2019,High,100.00,
21-09-2026 18:00 IST,India,Demow,137,High,100.00,
21-09-2026 18:00 IST,India,Goa,132,Low,20.79,
21-09-2026 18:00 IST,India,Indore,2026,High,100.00,
21-09-2026 18:00 IST,India,Kadapa,2060,Moderate,35.34,
21-09-2026 18:00 IST,India,Madurai,2027,High,100.00,
21-09-2026 18:00 IST,India,Mangalore,59,Moderate,32.48,
21-09-2026 18:00 IST,India,Manjeri,97,Moderate,33.02,
21-09-2026 18:00 IST,India,Silchar,2062,High,100.00,
21-09-2026 18:00 IST,India,Tiruchirappalli,70,Moderate,55.57,
21-09-2026 18:00 IST,India,Vijayawada,2064,Low,15.49,
21-09-2026 19:00 IST,India,Coimbatore,2019,High,100.00,
21-09-2026 19:00 IST,India,Demow,137,High,100.00,
21-09-2026 19:00 IST,India,Goa,132,Low,20.79,
21-09-2026 19:00 IST,India,Indore,2026,High,100.00,
21-09-2026 19:00 IST,India,Kadapa,2060,Moderate,35.34,
21-09-2026 19:00 IST,India,Madurai,2027,High,100.00,
21-09-2026 19:00 IST,India,Mangalore,59,Moderate,32.48,
21-09-2026 19:00 IST,India,Manjeri,97,Moderate,33.02,
21-09-2026 19:00 IST,India,Silchar,2062,High,100.00,
21-09-2026 19:00 IST,India,Tiruchirappalli,70,Moderate,55.57,
21-09-2026 19:00 IST,India,Vijayawada,2064,Low,15.49,
21-09-2026 19:37 IST,India,Coimbatore,2019,High,100.00,
21-09-2026 19:37 IST,India,Demow,137,High,100.00,
21-09-2026 19:37 IST,India,Goa,132,Low,20.79,
21-09-2026 19:37 IST,India,Indore,2026,High,100.00,
21-09-2026 19:37 IST,India,Kadapa,2060,Moderate,35.34,
21-09-2026 19:37 IST,India,Madurai,2027,High,100.00,
21-09-2026 19:37 IST,India,Mangalore,59,Moderate,32.48,
21-09-2026 19:37 IST,India,Manjeri,97,Moderate,33.02,
21-09-2026 19:37 IST,India,Silchar,2062,High,100.00,
21-09-2026 19:37 IST,India,Tiruchirappalli,70,Moderate,55.57,
21-09-2026 19:37 IST,India,Vijayawada,2064,Low,15.49,
21-09-2026 20:00 IST,India,Coimbatore,2019,High,100.00,
21-09-2026 20:00 IST,India,Demow,137,High,100.00,
21-09-2026 20:00 IST,India,Goa,132,Low,20.79,
21-09-2026 20:00 IST,India,Indore,2026,High,100.00,
21-09-2026 20:00 IST,India,Kadapa,2060,Moderate,35.34,
21-09-2026 20:00 IST,India,Madurai,2027,High,100.00,
21-09-2026 20:00 IST,India,Mangalore,59,Moderate,32.48,
21-09-2026 20:00 IST,India,Manjeri,97,Moderate,33.02,
21-09-2026 20:00 IST,India,Silchar,2062,High,100.00,
21-09-2026 20:00 IST,India,Tiruchirappalli,70,Moderate,55.57,
21-09-2026 20:00 IST,India,Vijayawada,2064,Low,15.49,
21-09-2026 21:00 IST,India,Coimbatore,2019,High,100.00,
21-09-2026 21:00 IST,India,Demow,137,High,100.00,
21-09-2026 21:00 IST,India,Goa,132,Low,20.79,
21-09-2026 21:00 IST,India,Indore,2026,High,100.00,
21-09-2026 21:00 IST,India,Kadapa,2060,Moderate,35.34,
21-09-2026 21:00 IST,India,Madurai,2027,High,100.00,
21-09-2026 21:00 IST,India,Mangalore,59,Moderate,32.48,
21-09-2026 21:00 IST,India,Manjeri,97,Moderate,33.02,
21-09-2026 21:00 IST,India,Silchar,2062,High,100.00,
21-09-2026 21:00 IST,India,Tiruchirappalli,70,Moderate,55.57,
21-09-2026 21:00 IST,India,Vijayawada,2064,Low,15.49,
21-09-2026 22:00 IST,India,Coimbatore,2019,High,100.00,
21-09-2026 22:00 IST,India,Demow,137,High,100.00,
21-09-2026 22:00 IST,India,Goa,132,Low,20.79,
21-09-2026 22:00 IST,India,Indore,2026,High,100.00,
21-09-2026 22:00 IST,India,Kadapa,2060,Moderate,35.34,
21-09-2026 22:00 IST,India,Madurai,2027,High,100.00,
21-09-2026 22:00 IST,India,Mangalore,59,Moderate,32.48,
21-09-2026 22:00 IST,India,Manjeri,97,Moderate,33.02,
21-09-2026 22:00 IST,India,Silchar,2062,High,100.00,
21-09-2026 22:00 IST,India,Tiruchirappalli,70,Moderate,55.57,
21-09-2026 22:00 IST,India,Vijayawada,2064,Low,15.49,
21-09-2026 23:00 IST,India,Coimbatore,2019,High,100.00,
21-09-2026 23:00 IST,India,Demow,137,High,100.00,
21-09-2026 23:00 IST,India,Goa,132,Low,20.79,
21-09-2026 23:00 IST,India,Indore,2026,High,100.00,
21-09-2026 23:00 IST,India,Kadapa,2060,Moderate,35.34,
21-09-2026 23:00 IST,India,Madurai,2027,High,100.00,
21-09-2026 23:00 IST,India,Mangalore,59,Moderate,32.48,
21-09-2026 23:00 IST,India,Manjeri,97,Moderate,33.02,
21-09-2026 23:00 IST,India,Silchar,2062,High,100.00,
21-09-2026 23:00 IST,India,Tiruchirappalli,70,Moderate,55.57,
21-09-2026 23:00 IST,India,Vijayawada,2064,Low,15.49,
22-09-2026 00:00 IST,India,Coimbatore,2019,High,100.00,
22-09-2026 00:00 IST,India,Demow,137,High,100.00,
22-09-2026 00:00 IST,India,Goa,132,Low,20.79,
22-09-2026 00:00 IST,India,Indore,2026,High,100.00,
22-09-2026 00:00 IST,India,Kadapa,2060,Moderate,35.34,
22-09-2026 00:00 IST,India,Madurai,2027,High,100.00,
22-09-2026 00:00 IST,India,Mangalore,59,Moderate,32.48,
22-09-2026 00:00 IST,India,Manjeri,97,Moderate,33.02,
22-09-2026 00:00 IST,India,Silchar,2062,High,100.00,
22-09-2026 00:00 IST,India,Tiruchirappalli,70,Moderate,55.57,
22-09-2026 00:00 IST,India,Vijayawada,2064,Low,15.49,
22-09-2026 00:57 IST,India,Coimbatore,2019,High,100.00,
22-09-2026 00:57 IST,India,Demow,137,High,100.00,
22-09-2026 00:57 IST,India,Goa,132,Low,20.79,
22-09-2026 00:57 IST,India,Indore,2026,High,100.00,
22-09-2026 00:57 IST,India,Kadapa,2060,Moderate,35.34,
22-09-2026 00:57 IST,India,Madurai,2027,High,100.00,
22-09-2026 00:57 IST,India,Mangalore,59,Moderate,32.48,
22-09-2026 00:57 IST,India,Manjeri,97,Moderate,33.02,
22-09-2026 00:57 IST,India,Silchar,2062,High,100.00,
22-09-2026 00:57 IST,India,Tiruchirappalli,70,Moderate,55.57,
22-09-2026 00:57 IST,India,Vijayawada,2064,Low,15.49,
22-09-2026 01:00 IST,India,Coimbatore,2019,High,100.00,
22-09-2026 01:00 IST,India,Demow,137,High,100.00,
22-09-2026 01:00 IST,India,Goa,132,Low,20.79,
22-09-2026 01:00 IST,India,Indore,2026,High,100.00,
22-09-2026 01:00 IST,India,Kadapa,2060,Moderate,35.34,
22-09-2026 01:00 IST,India,Madurai,2027,High,100.00,
22-09-2026 01:00 IST,India,Mangalore,59,Moderate,32.48,
22-09-2026 01:00 IST,India,Manjeri,97,Moderate,33.02,
22-09-2026 01:00 IST,India,Silchar,2062,High,100.00,
22-09-2026 01:00 IST,India,Tiruchirappalli,70,Moderate,55.57,
22-09-2026 01:00 IST,India,Vijayawada,2064,Low,15.49,
22-09-2026 02:00 IST,India,Coimbatore,2019,High,100.00,
22-09-2026 02:00 IST,India,Demow,137,High,100.00,
22-09-2026 02:00 IST,India,Goa,132,Low,20.79,
22-09-2026 02:00 IST,India,Indore,2026,High,100.00,
22-09-2026 02:00 IST,India,Kadapa,2060,Moderate,35.34,
22-09-2026 02:00 IST,India,Madurai,2027,High,100.00,
22-09-2026 02:00 IST,India,Mangalore,59,Moderate,32.48,
22-09-2026 02:00 IST,India,Manjeri,97,Moderate,33.02,
22-09-2026 02:00 IST,India,Silchar,2062,High,100.00,
22-09-2026 02:00 IST,India,Tiruchirappalli,70,Moderate,55.57,
22-09-2026 02:00 IST,India,Vijayawada,2064,Low,15.49,
22-09-2026 03:00 IST,India,Coimbatore,2019,High,100.00,
22-09-2026 03:00 IST,India,Demow,137,High,100.00,
22-09-2026 03:00 IST,India,Goa,132,Low,20.91,
22-09-2026 03:00 IST,India,Indore,2026,High,100.00,
22-09-2026 03:00 IST,India,Kadapa,2060,Moderate,36.15,
22-09-2026 03:00 IST,India,Madurai,2027,High,100.00,
22-09-2026 03:00 IST,India,Mangalore,59,Moderate,32.63,
22-09-2026 03:00 IST,India,Manjeri,97,Moderate,33.12,
22-09-2026 03:00 IST,India,Silchar,2062,High,100.00,
22-09-2026 03:00 IST,India,Tiruchirappalli,70,Moderate,56.41,
22-09-2026 03:00 IST,India,Vijayawada,2064,Low,15.58,
22-09-2026 04:00 IST,India,Coimbatore,2019,High,100.00,
22-09-2026 04:00 IST,India,Demow,137,High,100.00,
22-09-2026 04:00 IST,India,Goa,132,Low,20.91,
22-09-2026 04:00 IST,India,Indore,2026,High,100.00,
22-09-2026 04:00 IST,India,Kadapa,2060,Moderate,36.15,
22-09-2026 04:00 IST,India,Madurai,2027,High,100.00,
22-09-2026 04:00 IST,India,Mangalore,59,Moderate,32.63,
22-09-2026 04:00 IST,India,Manjeri,97,Moderate,33.12,
22-09-2026 04:00 IST,India,Silchar,2062,High,100.00,
22-09-2026 04:00 IST,India,Tiruchirappalli,70,Moderate,56.41,
22-09-2026 04:00 IST,India,Vijayawada,2064,Low,15.58,
22-09-2026 04:46 IST,India,Coimbatore,2019,High,100.00,
22-09-2026 04:46 IST,India,Demow,137,High,100.00,
22-09-2026 04:46 IST,India,Goa,132,Low,20.91,
22-09-2026 04:46 IST,India,Indore,2026,High,100.00,
22-09-2026 04:46 IST,India,Kadapa,2060,Moderate,36.15,
22-09-2026 04:46 IST,India,Madurai,2027,High,100.00,
22-09-2026 04:46 IST,India,Mangalore,59,Moderate,32.63,
22-09-2026 04:46 IST,India,Manjeri,97,Moderate,33.12,
22-09-2026 04:46 IST,India,Silchar,2062,High,100.00,
22-09-2026 04:46 IST,India,Tiruchirappalli,70,Moderate,56.41,
22-09-2026 04:46 IST,India,Vijayawada,2064,Low,15.58,
22-09-2026 05:00 IST,India,Coimbatore,2019,High,100.00,
22-09-2026 05:00 IST,India,Demow,137,High,100.00,
22-09-2026 05:00 IST,India,Goa,132,Low,20.91,
22-09-2026 05:00 IST,India,Indore,2026,High,100.00,
22-09-2026 05:00 IST,India,Kadapa,2060,Moderate,36.15,
22-09-2026 05:00 IST,India,Madurai,2027,High,100.00,
22-09-2026 05:00 IST,India,Mangalore,59,Moderate,32.63,
22-09-2026 05:00 IST,India,Manjeri,97,Moderate,33.12,
22-09-2026 05:00 IST,India,Silchar,2062,High,100.00,
22-09-2026 05:00 IST,India,Tiruchirappalli,70,Moderate,56.41,
22-09-2026 05:00 IST,India,Vijayawada,2064,Low,15.58,
22-09-2026 06:00 IST,India,Coimbatore,2019,High,100.00,
22-09-2026 06:00 IST,India,Demow,137,High,100.00,
22-09-2026 06:00 IST,India,Goa,132,Low,20.91,
22-09-2026 06:00 IST,India,Indore,2026,High,100.00,
22-09-2026 06:00 IST,India,Kadapa,2060,Moderate,36.15,
22-09-2026 06:00 IST,India,Madurai,2027,High,100.00,
22-09-2026 06:00 IST,India,Mangalore,59,Moderate,32.63,
22-09-2026 06:00 IST,India,Manjeri,97,Moderate,33.12,
22-09-2026 06:00 IST,India,Silchar,2062,High,100.00,
22-09-2026 06:00 IST,India,Tiruchirappalli,70,Moderate,56.41,
22-09-2026 06:00 IST,India,Vijayawada,2064,Low,15.58,
22-09-2026 07:00 IST,India,Coimbatore,2019,High,100.00,
22-09-2026 07:00 IST,India,Demow,137,High,100.00,
22-09-2026 07:00 IST,India,Goa,132,Low,20.91,
22-09-2026 07:00 IST,India,Indore,2026,High,100.00,
22-09-2026 07:00 IST,India,Kadapa,2060,Moderate,36.15,
22-09-2026 07:00 IST,India,Madurai,2027,High,100.00,
22-09-2026 07:00 IST,India,Mangalore,59,Moderate,32.63,
22-09-2026 07:00 IST,India,Manjeri,97,Moderate,33.12,
22-09-2026 07:00 IST,India,Silchar,2062,High,100.00,
22-09-2026 07:00 IST,India,Tiruchirappalli,70,Moderate,56.41,
22-09-2026 07:00 IST,India,Vijayawada,2064,Low,15.58,
22-09-2026 07:07 IST,India,Coimbatore,2019,High,100.00,
22-09-2026 07:07 IST,India,Demow,137,High,100.00,
22-09-2026 07:07 IST,India,Goa,132,Low,20.91,
22-09-2026 07:07 IST,India,Indore,2026,High,100.00,
22-09-2026 07:07 IST,India,Kadapa,2060,Moderate,36.15,
22-09-2026 07:07 IST,India,Madurai,2027,High,100.00,
22-09-2026 07:07 IST,India,Mangalore,59,Moderate,32.63,
22-09-2026 07:07 IST,India,Manjeri,97,Moderate,33.12,
22-09-2026 07:07 IST,India,Silchar,2062,High,100.00,
22-09-2026 07:07 IST,India,Tiruchirappalli,70,Moderate,56.41,
22-09-2026 07:07 IST,India,Vijayawada,2064,Low,15.58,
22-09-2026 08:00 IST,India,Coimbatore,2019,High,100.00,
22-09-2026 08:00 IST,India,Demow,137,High,100.00,
22-09-2026 08:00 IST,India,Goa,132,Low,20.91,
22-09-2026 08:00 IST,India,Indore,2026,High,100.00,
22-09-2026 08:00 IST,India,Kadapa,2060,Moderate,36.15,
22-09-2026 08:00 IST,India,Madurai,2027,High,100.00,
22-09-2026 08:00 IST,India,Mangalore,59,Moderate,32.63,
22-09-2026 08:00 IST,India,Manjeri,97,Moderate,33.12,
22-09-2026 08:00 IST,India,Silchar,2062,High,100.00,
22-09-2026 08:00 IST,India,Tiruchirappalli,70,Moderate,56.41,
22-09-2026 08:00 IST,India,Vijayawada,2064,Low,15.58,
22-09-2026 09:00 IST,India,Coimbatore,2019,High,100.00,
22-09-2026 09:00 IST,India,Demow,137,High,100.00,
22-09-2026 09:00 IST,India,Goa,132,Low,20.91,
22-09-2026 09:00 IST,India,Indore,2026,High,100.00,
22-09-2026 09:00 IST,India,Kadapa,2060,Moderate,36.15,
22-09-2026 09:00 IST,India,Madurai,2027,High,100.00,
22-09-2026 09:00 IST,India,Mangalore,59,Moderate,32.63,
22-09-2026 09:00 IST,India,Manjeri,97,Moderate,33.12,
22-09-2026 09:00 IST,India,Silchar,2062,High,100.00,
22-09-2026 09:00 IST,India,Tiruchirappalli,70,Moderate,56.41,
22-09-2026 09:00 IST,India,Vijayawada,2064,Low,15.58,
22-09-2026 10:00 IST,India,Coimbatore,2019,High,100.00,
22-09-2026 10:00 IST,India,Demow,137,High,100.00,
22-09-2026 10:00 IST,India,Goa,132,Low,20.91,
22-09-2026 10:00 IST,India,Indore,2026,High,100.00,
22-09-2026 10:00 IST,India,Kadapa,2060,Moderate,36.15,
22-09-2026 10:00 IST,India,Madurai,2027,High,100.00,
22-09-2026 10:00 IST,India,Mangalore,59,Moderate,32.63,
22-09-2026 10:00 IST,India,Manjeri,97,Moderate,33.12,
22-09-2026 10:00 IST,India,Silchar,2062,High,100.00,
22-09-2026 10:00 IST,India,Tiruchirappalli,70,Moderate,56.41,
22-09-2026 10:00 IST,India,Vijayawada,2064,Low,15.58,
22-09-2026 11:00 IST,India,Coimbatore,2019,High,100.00,
22-09-2026 11:00 IST,India,Demow,137,High,100.00,
22-09-2026 11:00 IST,India,Goa,132,Low,20.91,
22-09-2026 11:00 IST,India,Indore,2026,High,100.00,
22-09-2026 11:00 IST,India,Kadapa,2060,Moderate,36.15,
22-09-2026 11:00 IST,India,Madurai,2027,High,100.00,
22-09-2026 11:00 IST,India,Mangalore,59,Moderate,32.63,
22-09-2026 11:00 IST,India,Manjeri,97,Moderate,33.12,
22-09-2026 11:00 IST,India,Silchar,2062,High,100.00,
22-09-2026 11:00 IST,India,Tiruchirappalli,70,Moderate,56.41,
22-09-2026 11:00 IST,India,Vijayawada,2064,Low,15.58,
22-09-2026 12:00 IST,India,Coimbatore,2019,High,100.00,
22-09-2026 12:00 IST,India,Demow,137,High,100.00,
22-09-2026 12:00 IST,India,Goa,132,Low,20.91,
22-09-2026 12:00 IST,India,Indore,2026,High,100.00,
22-09-2026 12:00 IST,India,Kadapa,2060,Moderate,36.15,
22-09-2026 12:00 IST,India,Madurai,2027,High,100.00,
22-09-2026 12:00 IST,India,Mangalore,59,Moderate,32.63,
22-09-2026 12:00 IST,India,Manjeri,97,Moderate,33.12,
22-09-2026 12:00 IST,India,Silchar,2062,High,100.00,
22-09-2026 12:00 IST,India,Tiruchirappalli,70,Moderate,56.41,
22-09-2026 12:00 IST,India,Vijayawada,2064,Low,15.58,
22-09-2026 13:01 IST,India,Coimbatore,2019,High,100.00,
22-09-2026 13:01 IST,India,Demow,137,High,100.00,
22-09-2026 13:01 IST,India,Goa,132,Low,20.91,
22-09-2026 13:01 IST,India,Indore,2026,High,100.00,
22-09-2026 13:01 IST,India,Kadapa,2060,Moderate,36.15,
22-09-2026 13:01 IST,India,Madurai,2027,High,100.00,
22-09-2026 13:01 IST,India,Mangalore,59,Moderate,32.63,
22-09-2026 13:01 IST,India,Manjeri,97,Moderate,33.12,
22-09-2026 13:01 IST,India,Silchar,2062,High,100.00,
22-09-2026 13:01 IST,India,Tiruchirappalli,70,Moderate,56.41,
22-09-2026 13:01 IST,India,Vijayawada,2064,Low,15.58,
22-09-2026 13:12 IST,India,Coimbatore,2019,High,100.00,
22-09-2026 13:12 IST,India,Demow,137,High,100.00,
22-09-2026 13:12 IST,India,Goa,132,Low,20.91,
22-09-2026 13:12 IST,India,Indore,2026,High,100.00,
22-09-2026 13:12 IST,India,Kadapa,2060,Moderate,36.15,
22-09-2026 13:12 IST,India,Madurai,2027,High,100.00,
22-09-2026 13:12 IST,India,Mangalore,59,Moderate,32.63,
22-09-2026 13:12 IST,India,Manjeri,97,Moderate,33.12,
22-09-2026 13:12 IST,India,Silchar,2062,High,100.00,
22-09-2026 13:12 IST,India,Tiruchirappalli,70,Moderate,56.41,
22-09-2026 13:12 IST,India,Vijayawada,2064,Low,15.58,
22-09-2026 14:00 IST,India,Coimbatore,2019,High,100.00,
22-09-2026 14:00 IST,India,Demow,137,High,100.00,
22-09-2026 14:00 IST,India,Goa,132,Low,20.91,
22-09-2026 14:00 IST,India,Indore,2026,High,100.00,
22-09-2026 14:00 IST,India,Kadapa,2060,Moderate,36.15,
22-09-2026 14:00 IST,India,Madurai,2027,High,100.00,
22-09-2026 14:00 IST,India,Mangalore,59,Moderate,32.63,
22-09-2026 14:00 IST,India,Manjeri,97,Moderate,33.12,
22-09-2026 14:00 IST,India,Silchar,2062,High,100.00,
22-09-2026 14:00 IST,India,Tiruchirappalli,70,Moderate,56.41,
22-09-2026 14:00 IST,India,Vijayawada,2064,Low,15.58,
22-09-2026 15:00 IST,India,Coimbatore,2019,High,100.00,
22-09-2026 15:00 IST,India,Demow,137,High,100.00,
22-09-2026 15:00 IST,India,Goa,132,Low,20.95,
22-09-2026 15:00 IST,India,Indore,2026,High,100.00,
22-09-2026 15:00 IST,India,Kadapa,2060,Moderate,36.56,
22-09-2026 15:00 IST,India,Madurai,2027,High,100.00,
22-09-2026 15:00 IST,India,Mangalore,59,Moderate,32.51,
22-09-2026 15:00 IST,India,Manjeri,97,Moderate,32.79,
22-09-2026 15:00 IST,India,Silchar,2062,High,100.00,
22-09-2026 15:00 IST,India,Tiruchirappalli,70,Moderate,56.92,
22-09-2026 15:00 IST,India,Vijayawada,2064,Low,15.61,
22-09-2026 16:01 IST,India,Coimbatore,2019,High,100.00,
22-09-2026 16:01 IST,India,Demow,137,High,100.00,
22-09-2026 16:01 IST,India,Goa,132,Low,20.95,
22-09-2026 16:01 IST,India,Indore,2026,High,100.00,
22-09-2026 16:01 IST,India,Kadapa,2060,Moderate,36.56,
22-09-2026 16:01 IST,India,Madurai,2027,High,100.00,
22-09-2026 16:01 IST,India,Mangalore,59,Moderate,32.51,
22-09-2026 16:01 IST,India,Manjeri,97,Moderate,32.79,
22-09-2026 16:01 IST,India,Silchar,2062,High,100.00,
22-09-2026 16:01 IST,India,Tiruchirappalli,70,Moderate,56.92,
22-09-2026 16:01 IST,India,Vijayawada,2064,Low,15.61,
22-09-2026 17:00 IST,India,Coimbatore,2019,High,100.00,
22-09-2026 17:00 IST,India,Demow,137,High,100.00,
22-09-2026 17:00 IST,India,Goa,132,Low,20.95,
22-09-2026 17:00 IST,India,Indore,2026,High,100.00,
22-09-2026 17:00 IST,India,Kadapa,2060,Moderate,36.56,
22-09-2026 17:00 IST,India,Madurai,2027,High,100.00,
22-09-2026 17:00 IST,India,Mangalore,59,Moderate,32.51,
22-09-2026 17:00 IST,India,Manjeri,97,Moderate,32.79,
22-09-2026 17:00 IST,India,Silchar,2062,High,100.00,
22-09-2026 17:00 IST,India,Tiruchirappalli,70,Moderate,56.92,
22-09-2026 17:00 IST,India,Vijayawada,2064,Low,15.61,
22-09-2026 18:00 IST,India,Coimbatore,2019,High,100.00,
22-09-2026 18:00 IST,India,Demow,137,High,100.00,
22-09-2026 18:00 IST,India,Goa,132,Low,20.95,
22-09-2026 18:00 IST,India,Indore,2026,High,100.00,
22-09-2026 18:00 IST,India,Kadapa,2060,Moderate,36.56,
22-09-2026 18:00 IST,India,Madurai,2027,High,100.00,
22-09-2026 18:00 IST,India,Mangalore,59,Moderate,32.51,
22-09-2026 18:00 IST,India,Manjeri,97,Moderate,32.79,
22-09-2026 18:00 IST,India,Silchar,2062,High,100.00,
22-09-2026 18:00 IST,India,Tiruchirappalli,70,Moderate,56.92,
22-09-2026 18:00 IST,India,Vijayawada,2064,Low,15.61,
22-09-2026 18:54 IST,India,Coimbatore,2019,High,100.00,
22-09-2026 18:54 IST,India,Demow,137,High,100.00,
22-09-2026 18:54 IST,India,Goa,132,Low,20.95,
22-09-2026 18:54 IST,India,Indore,2026,High,100.00,
22-09-2026 18:54 IST,India,Kadapa,2060,Moderate,36.56,
22-09-2026 18:54 IST,India,Madurai,2027,High,100.00,
22-09-2026 18:54 IST,India,Mangalore,59,Moderate,32.51,
22-09-2026 18:54 IST,India,Manjeri,97,Moderate,32.79,
22-09-2026 18:54 IST,India,Silchar,2062,High,100.00,
22-09-2026 18:54 IST,India,Tiruchirappalli,70,Moderate,56.92,
22-09-2026 18:54 IST,India,Vijayawada,2064,Low,15.61,
22-09-2026 19:00 IST,India,Coimbatore,2019,High,100.00,
22-09-2026 19:00 IST,India,Demow,137,High,100.00,
22-09-2026 19:00 IST,India,Goa,132,Low,20.95,
22-09-2026 19:00 IST,India,Indore,2026,High,100.00,
22-09-2026 19:00 IST,India,Kadapa,2060,Moderate,36.56,
22-09-2026 19:00 IST,India,Madurai,2027,High,100.00,
22-09-2026 19:00 IST,India,Mangalore,59,Moderate,32.51,
22-09-2026 19:00 IST,India,Manjeri,97,Moderate,32.79,
22-09-2026 19:00 IST,India,Silchar,2062,High,100.00,
22-09-2026 19:00 IST,India,Tiruchirappalli,70,Moderate,56.92,
22-09-2026 19:00 IST,India,Vijayawada,2064,Low,15.61,
22-09-2026 20:00 IST,India,Coimbatore,2019,High,100.00,
22-09-2026 20:00 IST,India,Demow,137,High,100.00,
22-09-2026 20:00 IST,India,Goa,132,Low,20.95,
22-09-2026 20:00 IST,India,Indore,2026,High,100.00,
22-09-2026 20:00 IST,India,Kadapa,2060,Moderate,36.56,
22-09-2026 20:00 IST,India,Madurai,2027,High,100.00,
22-09-2026 20:00 IST,India,Mangalore,59,Moderate,32.51,
22-09-2026 20:00 IST,India,Manjeri,97,Moderate,32.79,
22-09-2026 20:00 IST,India,Silchar,2062,High,100.00,
22-09-2026 20:00 IST,India,Tiruchirappalli,70,Moderate,56.92,
22-09-2026 20:00 IST,India,Vijayawada,2064,Low,15.61,
22-09-2026 21:00 IST,India,Coimbatore,2019,High,100.00,
22-09-2026 21:00 IST,India,Demow,137,High,100.00,
22-09-2026 21:00 IST,India,Goa,132,Low,20.95,
22-09-2026 21:00 IST,India,Indore,2026,High,100.00,
22-09-2026 21:00 IST,India,Kadapa,2060,Moderate,36.56,
22-09-2026 21:00 IST,India,Madurai,2027,High,100.00,
22-09-2026 21:00 IST,India,Mangalore,59,Moderate,32.51,
22-09-2026 21:00 IST,India,Manjeri,97,Moderate,32.79,
22-09-2026 21:00 IST,India,Silchar,2062,High,100.00,
22-09-2026 21:00 IST,India,Tiruchirappalli,70,Moderate,56.92,
22-09-2026 21:00 IST,India,Vijayawada,2064,Low,15.61,
22-09-2026 22:00 IST,India,Coimbatore,2019,High,100.00,
22-09-2026 22:00 IST,India,Demow,137,High,100.00,
22-09-2026 22:00 IST,India,Goa,132,Low,20.95,
22-09-2026 22:00 IST,India,Indore,2026,High,100.00,
22-09-2026 22:00 IST,India,Kadapa,2060,Moderate,36.56,
22-09-2026 22:00 IST,India,Madurai,2027,High,100.00,
22-09-2026 22:00 IST,India,Mangalore,59,Moderate,32.51,
22-09-2026 22:00 IST,India,Manjeri,97,Moderate,32.79,
22-09-2026 22:00 IST,India,Silchar,2062,High,100.00,
22-09-2026 22:00 IST,India,Tiruchirappalli,70,Moderate,56.92,
22-09-2026 22:00 IST,India,Vijayawada,2064,Low,15.61,
22-09-2026 23:00 IST,India,Coimbatore,2019,High,100.00,
22-09-2026 23:00 IST,India,Demow,137,High,100.00,
22-09-2026 23:00 IST,India,Goa,132,Low,20.95,
22-09-2026 23:00 IST,India,Indore,2026,High,100.00,
22-09-2026 23:00 IST,India,Kadapa,2060,Moderate,36.56,
22-09-2026 23:00 IST,India,Madurai,2027,High,100.00,
22-09-2026 23:00 IST,India,Mangalore,59,Moderate,32.51,
22-09-2026 23:00 IST,India,Manjeri,97,Moderate,32.79,
22-09-2026 23:00 IST,India,Silchar,2062,High,100.00,
22-09-2026 23:00 IST,India,Tiruchirappalli,70,Moderate,56.92,
22-09-2026 23:00 IST,India,Vijayawada,2064,Low,15.61,
22-09-2026 23:35 IST,India,Coimbatore,2019,High,100.00,
22-09-2026 23:35 IST,India,Demow,137,High,100.00,
22-09-2026 23:35 IST,India,Goa,132,Low,20.95,
22-09-2026 23:35 IST,India,Indore,2026,High,100.00,
22-09-2026 23:35 IST,India,Kadapa,2060,Moderate,36.56,
22-09-2026 23:35 IST,India,Madurai,2027,High,100.00,
22-09-2026 23:35 IST,India,Mangalore,59,Moderate,32.51,
22-09-2026 23:35 IST,India,Manjeri,97,Moderate,32.79,
22-09-2026 23:35 IST,India,Silchar,2062,High,100.00,
22-09-2026 23:35 IST,India,Tiruchirappalli,70,Moderate,56.92,
22-09-2026 23:35 IST,India,Vijayawada,2064,Low,15.61,
23-09-2026 00:00 IST,India,Coimbatore,2019,High,100.00,
23-09-2026 00:00 IST,India,Demow,137,High,100.00,
23-09-2026 00:00 IST,India,Goa,132,Low,20.95,
23-09-2026 00:00 IST,India,Indore,2026,High,100.00,
23-09-2026 00:00 IST,India,Kadapa,2060,Moderate,36.56,
23-09-2026 00:00 IST,India,Madurai,2027,High,100.00,
23-09-2026 00:00 IST,India,Mangalore,59,Moderate,32.51,
23-09-2026 00:00 IST,India,Manjeri,97,Moderate,32.79,
23-09-2026 00:00 IST,India,Silchar,2062,High,100.00,
23-09-2026 00:00 IST,India,Tiruchirappalli,70,Moderate,56.92,
23-09-2026 00:00 IST,India,Vijayawada,2064,Low,15.61,
23-09-2026 01:01 IST,India,Coimbatore,2019,High,100.00,
23-09-2026 01:01 IST,India,Demow,137,High,100.00,
23-09-2026 01:01 IST,India,Goa,132,Low,20.95,
23-09-2026 01:01 IST,India,Indore,2026,High,100.00,
23-09-2026 01:01 IST,India,Kadapa,2060,Moderate,36.56,
23-09-2026 01:01 IST,India,Madurai,2027,High,100.00,
23-09-2026 01:01 IST,India,Mangalore,59,Moderate,32.51,
23-09-2026 01:01 IST,India,Manjeri,97,Moderate,32.79,
23-09-2026 01:01 IST,India,Silchar,2062,High,100.00,
23-09-2026 01:01 IST,India,Tiruchirappalli,70,Moderate,56.92,
23-09-2026 01:01 IST,India,Vijayawada,2064,Low,15.61,
23-09-2026 02:00 IST,India,Coimbatore,2019,High,100.00,
23-09-2026 02:00 IST,India,Demow,137,High,100.00,
23-09-2026 02:00 IST,India,Goa,132,Low,20.95,
23-09-2026 02:00 IST,India,Indore,2026,High,100.00,
23-09-2026 02:00 IST,India,Kadapa,2060,Moderate,36.56,
23-09-2026 02:00 IST,India,Madurai,2027,High,100.00,
23-09-2026 02:00 IST,India,Mangalore,59,Moderate,32.51,
23-09-2026 02:00 IST,India,Manjeri,97,Moderate,32.79,
23-09-2026 02:00 IST,India,Silchar,2062,High,100.00,
23-09-2026 02:00 IST,India,Tiruchirappalli,70,Moderate,56.92,
23-09-2026 02:00 IST,India,Vijayawada,2064,Low,15.61,
23-09-2026 02:47 IST,India,Coimbatore,2019,High,100.00,
23-09-2026 02:47 IST,India,Demow,137,High,100.00,
23-09-2026 02:47 IST,India,Goa,132,Low,21.35,
23-09-2026 02:47 IST,India,Indore,2026,High,100.00,
23-09-2026 02:47 IST,India,Kadapa,2060,Moderate,37.22,
23-09-2026 02:47 IST,India,Madurai,2027,High,100.00,
23-09-2026 02:47 IST,India,Mangalore,59,Moderate,32.79,
23-09-2026 02:47 IST,India,Manjeri,97,Moderate,32.86,
23-09-2026 02:47 IST,India,Silchar,2062,High,100.00,
23-09-2026 02:47 IST,India,Tiruchirappalli,70,Moderate,57.27,
23-09-2026 02:47 IST,India,Vijayawada,2064,Low,15.69,
23-09-2026 03:00 IST,India,Coimbatore,2019,High,100.00,
23-09-2026 03:00 IST,India,Demow,137,High,100.00,
23-09-2026 03:00 IST,India,Goa,132,Low,21.35,
23-09-2026 03:00 IST,India,Indore,2026,High,100.00,
23-09-2026 03:00 IST,India,Kadapa,2060,Moderate,37.22,
23-09-2026 03:00 IST,India,Madurai,2027,High,100.00,
23-09-2026 03:00 IST,India,Mangalore,59,Moderate,32.79,
23-09-2026 03:00 IST,India,Manjeri,97,Moderate,32.86,
23-09-2026 03:00 IST,India,Silchar,2062,High,100.00,
23-09-2026 03:00 IST,India,Tiruchirappalli,70,Moderate,57.27,
23-09-2026 03:00 IST,India,Vijayawada,2064,Low,15.69,
23-09-2026 04:00 IST,India,Coimbatore,2019,High,100.00,
23-09-2026 04:00 IST,India,Demow,137,High,100.00,
23-09-2026 04:00 IST,India,Goa,132,Low,21.35,
23-09-2026 04:00 IST,India,Indore,2026,High,100.00,
23-09-2026 04:00 IST,India,Kadapa,2060,Moderate,37.22,
23-09-2026 04:00 IST,India,Madurai,2027,High,100.00,
23-09-2026 04:00 IST,India,Mangalore,59,Moderate,32.79,
23-09-2026 04:00 IST,India,Manjeri,97,Moderate,32.86,
23-09-2026 04:00 IST,India,Silchar,2062,High,100.00,
23-09-2026 04:00 IST,India,Tiruchirappalli,70,Moderate,57.27,
23-09-2026 04:00 IST,India,Vijayawada,2064,Low,15.69,
23-09-2026 05:00 IST,India,Coimbatore,2019,High,100.00,
23-09-2026 05:00 IST,India,Demow,137,High,100.00,
23-09-2026 05:00 IST,India,Goa,132,Low,21.35,
23-09-2026 05:00 IST,India,Indore,2026,High,100.00,
23-09-2026 05:00 IST,India,Kadapa,2060,Moderate,37.22,
23-09-2026 05:00 IST,India,Madurai,2027,High,100.00,
23-09-2026 05:00 IST,India,Mangalore,59,Moderate,32.79,
23-09-2026 05:00 IST,India,Manjeri,97,Moderate,32.86,
23-09-2026 05:00 IST,India,Silchar,2062,High,100.00,
23-09-2026 05:00 IST,India,Tiruchirappalli,70,Moderate,57.27,
23-09-2026 05:00 IST,India,Vijayawada,2064,Low,15.69,
23-09-2026 06:00 IST,India,Coimbatore,2019,High,100.00,
23-09-2026 06:00 IST,India,Demow,137,High,100.00,
23-09-2026 06:00 IST,India,Goa,132,Low,21.35,
23-09-2026 06:00 IST,India,Indore,2026,High,100.00,
23-09-2026 06:00 IST,India,Kadapa,2060,Moderate,37.22,
23-09-2026 06:00 IST,India,Madurai,2027,High,100.00,
23-09-2026 06:00 IST,India,Mangalore,59,Moderate,32.79,
23-09-2026 06:00 IST,India,Manjeri,97,Moderate,32.86,
23-09-2026 06:00 IST,India,Silchar,2062,High,100.00,
23-09-2026 06:00 IST,India,Tiruchirappalli,70,Moderate,57.27,
23-09-2026 06:00 IST,India,Vijayawada,2064,Low,15.69,
23-09-2026 06:01 IST,India,Coimbatore,2019,High,100.00,
23-09-2026 06:01 IST,India,Demow,137,High,100.00,
23-09-2026 06:01 IST,India,Goa,132,Low,21.35,
23-09-2026 06:01 IST,India,Indore,2026,High,100.00,
23-09-2026 06:01 IST,India,Kadapa,2060,Moderate,37.22,
23-09-2026 06:01 IST,India,Madurai,2027,High,100.00,
23-09-2026 06:01 IST,India,Mangalore,59,Moderate,32.79,
23-09-2026 06:01 IST,India,Manjeri,97,Moderate,32.86,
23-09-2026 06:01 IST,India,Silchar,2062,High,100.00,
23-09-2026 06:01 IST,India,Tiruchirappalli,70,Moderate,57.27,
23-09-2026 06:01 IST,India,Vijayawada,2064,Low,15.69,
23-09-2026 07:00 IST,India,Coimbatore,2019,High,100.00,
23-09-2026 07:00 IST,India,Demow,137,High,100.00,
23-09-2026 07:00 IST,India,Goa,132,Low,21.35,
23-09-2026 07:00 IST,India,Indore,2026,High,100.00,
23-09-2026 07:00 IST,India,Kadapa,2060,Moderate,37.22,
23-09-2026 07:00 IST,India,Madurai,2027,High,100.00,
23-09-2026 07:00 IST,India,Mangalore,59,Moderate,32.79,
23-09-2026 07:00 IST,India,Manjeri,97,Moderate,32.86,
23-09-2026 07:00 IST,India,Silchar,2062,High,100.00,
23-09-2026 07:00 IST,India,Tiruchirappalli,70,Moderate,57.27,
23-09-2026 07:00 IST,India,Vijayawada,2064,Low,15.69,
23-09-2026 08:00 IST,India,Coimbatore,2019,High,100.00,
23-09-2026 08:00 IST,India,Demow,137,High,100.00,
23-09-2026 08:00 IST,India,Goa,132,Low,21.35,
23-09-2026 08:00 IST,India,Indore,2026,High,100.00,
23-09-2026 08:00 IST,India,Kadapa,2060,Moderate,37.22,
23-09-2026 08:00 IST,India,Madurai,2027,High,100.00,
23-09-2026 08:00 IST,India,Mangalore,59,Moderate,32.79,
23-09-2026 08:00 IST,India,Manjeri,97,Moderate,32.86,
23-09-2026 08:00 IST,India,Silchar,2062,High,100.00,
23-09-2026 08:00 IST,India,Tiruchirappalli,70,Moderate,57.27,
23-09-2026 08:00 IST,India,Vijayawada,2064,Low,15.69,
23-09-2026 09:01 IST,India,Coimbatore,2019,High,100.00,
23-09-2026 09:01 IST,India,Demow,137,High,100.00,
23-09-2026 09:01 IST,India,Goa,132,Low,21.35,
23-09-2026 09:01 IST,India,Indore,2026,High,100.00,
23-09-2026 09:01 IST,India,Kadapa,2060,Moderate,37.22,
23-09-2026 09:01 IST,India,Madurai,2027,High,100.00,
23-09-2026 09:01 IST,India,Mangalore,59,Moderate,32.79,
23-09-2026 09:01 IST,India,Manjeri,97,Moderate,32.86,
23-09-2026 09:01 IST,India,Silchar,2062,High,100.00,
23-09-2026 09:01 IST,India,Tiruchirappalli,70,Moderate,57.27,
23-09-2026 09:01 IST,India,Vijayawada,2064,Low,15.69,
23-09-2026 10:00 IST,India,Coimbatore,2019,High,100.00,
23-09-2026 10:00 IST,India,Demow,137,High,100.00,
23-09-2026 10:00 IST,India,Goa,132,Low,21.35,
23-09-2026 10:00 IST,India,Indore,2026,High,100.00,
23-09-2026 10:00 IST,India,Kadapa,2060,Moderate,37.22,
23-09-2026 10:00 IST,India,Madurai,2027,High,100.00,
23-09-2026 10:00 IST,India,Mangalore,59,Moderate,32.79,
23-09-2026 10:00 IST,India,Manjeri,97,Moderate,32.86,
23-09-2026 10:00 IST,India,Silchar,2062,High,100.00,
23-09-2026 10:00 IST,India,Tiruchirappalli,70,Moderate,57.27,
23-09-2026 10:00 IST,India,Vijayawada,2064,Low,15.69,
23-09-2026 11:00 IST,India,Coimbatore,2019,High,100.00,
23-09-2026 11:00 IST,India,Demow,137,High,100.00,
23-09-2026 11:00 IST,India,Goa,132,Low,21.35,
23-09-2026 11:00 IST,India,Indore,2026,High,100.00,
23-09-2026 11:00 IST,India,Kadapa,2060,Moderate,37.22,
23-09-2026 11:00 IST,India,Madurai,2027,High,100.00,
23-09-2026 11:00 IST,India,Mangalore,59,Moderate,32.79,
23-09-2026 11:00 IST,India,Manjeri,97,Moderate,32.86,
23-09-2026 11:00 IST,India,Silchar,2062,High,100.00,
23-09-2026 11:00 IST,India,Tiruchirappalli,70,Moderate,57.27,
23-09-2026 11:00 IST,India,Vijayawada,2064,Low,15.69,
23-09-2026 11:28 IST,India,Coimbatore,2019,High,100.00,
23-09-2026 11:28 IST,India,Demow,137,High,100.00,
23-09-2026 11:28 IST,India,Goa,132,Low,21.35,
23-09-2026 11:28 IST,India,Indore,2026,High,100.00,
23-09-2026 11:28 IST,India,Kadapa,2060,Moderate,37.22,
23-09-2026 11:28 IST,India,Madurai,2027,High,100.00,
23-09-2026 11:28 IST,India,Mangalore,59,Moderate,32.79,
23-09-2026 11:28 IST,India,Manjeri,97,Moderate,32.86,
23-09-2026 11:28 IST,India,Silchar,2062,High,100.00,
23-09-2026 11:28 IST,India,Tiruchirappalli,70,Moderate,57.27,
23-09-2026 11:28 IST,India,Vijayawada,2064,Low,15.69,
23-09-2026 12:00 IST,India,Coimbatore,2019,High,100.00,
23-09-2026 12:00 IST,India,Demow,137,High,100.00,
23-09-2026 12:00 IST,India,Goa,132,Low,21.35,
23-09-2026 12:00 IST,India,Indore,2026,High,100.00,
23-09-2026 12:00 IST,India,Kadapa,2060,Moderate,37.22,
23-09-2026 12:00 IST,India,Madurai,2027,High,100.00,
23-09-2026 12:00 IST,India,Mangalore,59,Moderate,32.79,
23-09-2026 12:00 IST,India,Manjeri,97,Moderate,32.86,
23-09-2026 12:00 IST,India,Silchar,2062,High,100.00,
23-09-2026 12:00 IST,India,Tiruchirappalli,70,Moderate,57.27,
23-09-2026 12:00 IST,India,Vijayawada,2064,Low,15.69,
23-09-2026 13:01 IST,India,Coimbatore,2019,High,100.00,
23-09-2026 13:01 IST,India,Demow,137,High,100.00,
23-09-2026 13:01 IST,India,Goa,132,Low,21.35,
23-09-2026 13:01 IST,India,Indore,2026,High,100.00,
23-09-2026 13:01 IST,India,Kadapa,2060,Moderate,37.22,
23-09-2026 13:01 IST,India,Madurai,2027,High,100.00,
23-09-2026 13:01 IST,India,Mangalore,59,Moderate,32.79,
23-09-2026 13:01 IST,India,Manjeri,97,Moderate,32.86,
23-09-2026 13:01 IST,India,Silchar,2062,High,100.00,
23-09-2026 13:01 IST,India,Tiruchirappalli,70,Moderate,57.27,
23-09-2026 13:01 IST,India,Vijayawada,2064,Low,15.69,
23-09-2026 14:00 IST,India,Coimbatore,2019,High,100.00,
23-09-2026 14:00 IST,India,Demow,137,High,100.00,
23-09-2026 14:00 IST,India,Goa,132,Low,21.35,
23-09-2026 14:00 IST,India,Indore,2026,High,100.00,
23-09-2026 14:00 IST,India,Kadapa,2060,Moderate,37.22,
23-09-2026 14:00 IST,India,Madurai,2027,High,100.00,
23-09-2026 14:00 IST,India,Mangalore,59,Moderate,32.79,
23-09-2026 14:00 IST,India,Manjeri,97,Moderate,32.86,
23-09-2026 14:00 IST,India,Silchar,2062,High,100.00,
23-09-2026 14:00 IST,India,Tiruchirappalli,70,Moderate,57.27,
23-09-2026 14:00 IST,India,Vijayawada,2064,Low,15.69,
23-09-2026 15:00 IST,India,Coimbatore,2019,High,100.00,
23-09-2026 15:00 IST,India,Demow,137,High,100.00,
23-09-2026 15:00 IST,India,Goa,132,Low,21.39,
23-09-2026 15:00 IST,India,Indore,2026,High,100.00,
23-09-2026 15:00 IST,India,Kadapa,2060,Moderate,37.84,
23-09-2026 15:00 IST,India,Madurai,2027,High,100.00,
23-09-2026 15:00 IST,India,Mangalore,59,Moderate,32.65,
23-09-2026 15:00 IST,India,Manjeri,97,Moderate,32.90,
23-09-2026 15:00 IST,India,Silchar,2062,High,100.00,
23-09-2026 15:00 IST,India,Tiruchirappalli,70,Moderate,56.79,
23-09-2026 15:00 IST,India,Vijayawada,2064,Low,15.71,
23-09-2026 16:00 IST,India,Coimbatore,2019,High,100.00,
23-09-2026 16:00 IST,India,Demow,137,High,100.00,
23-09-2026 16:00 IST,India,Goa,132,Low,21.39,
23-09-2026 16:00 IST,India,Indore,2026,High,100.00,
23-09-2026 16:00 IST,India,Kadapa,2060,Moderate,37.84,
23-09-2026 16:00 IST,India,Madurai,2027,High,100.00,
23-09-2026 16:00 IST,India,Mangalore,59,Moderate,32.65,
23-09-2026 16:00 IST,India,Manjeri,97,Moderate,32.90,
23-09-2026 16:00 IST,India,Silchar,2062,High,100.00,
23-09-2026 16:00 IST,India,Tiruchirappalli,70,Moderate,56.79,
23-09-2026 16:00 IST,India,Vijayawada,2064,Low,15.71,
23-09-2026 17:00 IST,India,Coimbatore,2019,High,100.00,
23-09-2026 17:00 IST,India,Demow,137,High,100.00,
23-09-2026 17:00 IST,India,Goa,132,Low,21.39,
23-09-2026 17:00 IST,India,Indore,2026,High,100.00,
23-09-2026 17:00 IST,India,Kadapa,2060,Moderate,37.84,
23-09-2026 17:00 IST,India,Madurai,2027,High,100.00,
23-09-2026 17:00 IST,India,Mangalore,59,Moderate,32.65,
23-09-2026 17:00 IST,India,Manjeri,97,Moderate,32.90,
23-09-2026 17:00 IST,India,Silchar,2062,High,100.00,
23-09-2026 17:00 IST,India,Tiruchirappalli,70,Moderate,56.79,
23-09-2026 17:00 IST,India,Vijayawada,2064,Low,15.71,
23-09-2026 17:04 IST,India,Coimbatore,2019,High,100.00,
23-09-2026 17:04 IST,India,Demow,137,High,100.00,
23-09-2026 17:04 IST,India,Goa,132,Low,21.39,
23-09-2026 17:04 IST,India,Indore,2026,High,100.00,
23-09-2026 17:04 IST,India,Kadapa,2060,Moderate,37.84,
23-09-2026 17:04 IST,India,Madurai,2027,High,100.00,
23-09-2026 17:04 IST,India,Mangalore,59,Moderate,32.65,
23-09-2026 17:04 IST,India,Manjeri,97,Moderate,32.90,
23-09-2026 17:04 IST,India,Silchar,2062,High,100.00,
23-09-2026 17:04 IST,India,Tiruchirappalli,70,Moderate,56.79,
23-09-2026 17:04 IST,India,Vijayawada,2064,Low,15.71,
23-09-2026 18:01 IST,India,Coimbatore,2019,High,100.00,
23-09-2026 18:01 IST,India,Demow,137,High,100.00,
23-09-2026 18:01 IST,India,Goa,132,Low,21.39,
23-09-2026 18:01 IST,India,Indore,2026,High,100.00,
23-09-2026 18:01 IST,India,Kadapa,2060,Moderate,37.84,
23-09-2026 18:01 IST,India,Madurai,2027,High,100.00,
23-09-2026 18:01 IST,India,Mangalore,59,Moderate,32.65,
23-09-2026 18:01 IST,India,Manjeri,97,Moderate,32.90,
23-09-2026 18:01 IST,India,Silchar,2062,High,100.00,
23-09-2026 18:01 IST,India,Tiruchirappalli,70,Moderate,56.79,
23-09-2026 18:01 IST,India,Vijayawada,2064,Low,15.71,
23-09-2026 19:00 IST,India,Coimbatore,2019,High,100.00,
23-09-2026 19:00 IST,India,Demow,137,High,100.00,
23-09-2026 19:00 IST,India,Goa,132,Low,21.39,
23-09-2026 19:00 IST,India,Indore,2026,High,100.00,
23-09-2026 19:00 IST,India,Kadapa,2060,Moderate,37.84,
23-09-2026 19:00 IST,India,Madurai,2027,High,100.00,
23-09-2026 19:00 IST,India,Mangalore,59,Moderate,32.65,
23-09-2026 19:00 IST,India,Manjeri,97,Moderate,32.90,
23-09-2026 19:00 IST,India,Silchar,2062,High,100.00,
23-09-2026 19:00 IST,India,Tiruchirappalli,70,Moderate,56.79,
23-09-2026 19:00 IST,India,Vijayawada,2064,Low,15.71,
23-09-2026 20:00 IST,India,Coimbatore,2019,High,100.00,
23-09-2026 20:00 IST,India,Demow,137,High,100.00,
23-09-2026 20:00 IST,India,Goa,132,Low,21.39,
23-09-2026 20:00 IST,India,Indore,2026,High,100.00,
23-09-2026 20:00 IST,India,Kadapa,2060,Moderate,37.84,
23-09-2026 20:00 IST,India,Madurai,2027,High,100.00,
23-09-2026 20:00 IST,India,Mangalore,59,Moderate,32.65,
23-09-2026 20:00 IST,India,Manjeri,97,Moderate,32.90,
23-09-2026 20:00 IST,India,Silchar,2062,High,100.00,
23-09-2026 20:00 IST,India,Tiruchirappalli,70,Moderate,56.79,
23-09-2026 20:00 IST,India,Vijayawada,2064,Low,15.71,
23-09-2026 21:00 IST,India,Coimbatore,2019,High,100.00,
23-09-2026 21:00 IST,India,Demow,137,High,100.00,
23-09-2026 21:00 IST,India,Goa,132,Low,21.39,
23-09-2026 21:00 IST,India,Indore,2026,High,100.00,
23-09-2026 21:00 IST,India,Kadapa,2060,Moderate,37.84,
23-09-2026 21:00 IST,India,Madurai,2027,High,100.00,
23-09-2026 21:00 IST,India,Mangalore,59,Moderate,32.65,
23-09-2026 21:00 IST,India,Manjeri,97,Moderate,32.90,
23-09-2026 21:00 IST,India,Silchar,2062,High,100.00,
23-09-2026 21:00 IST,India,Tiruchirappalli,70,Moderate,56.79,
23-09-2026 21:00 IST,India,Vijayawada,2064,Low,15.71,
23-09-2026 22:00 IST,India,Coimbatore,2019,High,100.00,
23-09-2026 22:00 IST,India,Demow,137,High,100.00,
23-09-2026 22:00 IST,India,Goa,132,Low,21.39,
23-09-2026 22:00 IST,India,Indore,2026,High,100.00,
23-09-2026 22:00 IST,India,Kadapa,2060,Moderate,37.84,
23-09-2026 22:00 IST,India,Madurai,2027,High,100.00,
23-09-2026 22:00 IST,India,Mangalore,59,Moderate,32.65,
23-09-2026 22:00 IST,India,Manjeri,97,Moderate,32.90,
23-09-2026 22:00 IST,India,Silchar,2062,High,100.00,
23-09-2026 22:00 IST,India,Tiruchirappalli,70,Moderate,56.79,
23-09-2026 22:00 IST,India,Vijayawada,2064,Low,15.71,
23-09-2026 22:26 IST,India,Coimbatore,2019,High,100.00,
23-09-2026 22:26 IST,India,Demow,137,High,100.00,
23-09-2026 22:26 IST,India,Goa,132,Low,21.39,
23-09-2026 22:26 IST,India,Indore,2026,High,100.00,
23-09-2026 22:26 IST,India,Kadapa,2060,Moderate,37.84,
23-09-2026 22:26 IST,India,Madurai,2027,High,100.00,
23-09-2026 22:26 IST,India,Mangalore,59,Moderate,32.65,
23-09-2026 22:26 IST,India,Manjeri,97,Moderate,32.90,
23-09-2026 22:26 IST,India,Silchar,2062,High,100.00,
23-09-2026 22:26 IST,India,Tiruchirappalli,70,Moderate,56.79,
23-09-2026 22:26 IST,India,Vijayawada,2064,Low,15.71,
23-09-2026 23:00 IST,India,Coimbatore,2019,High,100.00,
23-09-2026 23:00 IST,India,Demow,137,High,100.00,
23-09-2026 23:00 IST,India,Goa,132,Low,21.39,
23-09-2026 23:00 IST,India,Indore,2026,High,100.00,
23-09-2026 23:00 IST,India,Kadapa,2060,Moderate,37.84,
23-09-2026 23:00 IST,India,Madurai,2027,High,100.00,
23-09-2026 23:00 IST,India,Mangalore,59,Moderate,32.65,
23-09-2026 23:00 IST,India,Manjeri,97,Moderate,32.90,
23-09-2026 23:00 IST,India,Silchar,2062,High,100.00,
23-09-2026 23:00 IST,India,Tiruchirappalli,70,Moderate,56.79,
23-09-2026 23:00 IST,India,Vijayawada,2064,Low,15.71,
24-09-2026 00:00 IST,India,Coimbatore,2019,High,100.00,
24-09-2026 00:00 IST,India,Demow,137,High,100.00,
24-09-2026 00:00 IST,India,Goa,132,Low,21.39,
24-09-2026 00:00 IST,India,Indore,2026,High,100.00,
24-09-2026 00:00 IST,India,Kadapa,2060,Moderate,37.84,
24-09-2026 00:00 IST,India,Madurai,2027,High,100.00,
24-09-2026 00:00 IST,India,Mangalore,59,Moderate,32.65,
24-09-2026 00:00 IST,India,Manjeri,97,Moderate,32.90,
24-09-2026 00:00 IST,India,Silchar,2062,High,100.00,
24-09-2026 00:00 IST,India,Tiruchirappalli,70,Moderate,56.79,
24-09-2026 00:00 IST,India,Vijayawada,2064,Low,15.71,
24-09-2026 01:00 IST,India,Coimbatore,2019,High,100.00,
24-09-2026 01:00 IST,India,Demow,137,High,100.00,
24-09-2026 01:00 IST,India,Goa,132,Low,21.39,
24-09-2026 01:00 IST,India,Indore,2026,High,100.00,
24-09-2026 01:00 IST,India,Kadapa,2060,Moderate,37.84,
24-09-2026 01:00 IST,India,Madurai,2027,High,100.00,
24-09-2026 01:00 IST,India,Mangalore,59,Moderate,32.65,
24-09-2026 01:00 IST,India,Manjeri,97,Moderate,32.90,
24-09-2026 01:00 IST,India,Silchar,2062,High,100.00,
24-09-2026 01:00 IST,India,Tiruchirappalli,70,Moderate,56.79,
24-09-2026 01:00 IST,India,Vijayawada,2064,Low,15.71,
24-09-2026 01:51 IST,India,Coimbatore,2019,High,100.00,
24-09-2026 01:51 IST,India,Demow,137,High,100.00,
24-09-2026 01:51 IST,India,Goa,132,Low,21.39,
24-09-2026 01:51 IST,India,Indore,2026,High,100.00,
24-09-2026 01:51 IST,India,Kadapa,2060,Moderate,37.84,
24-09-2026 01:51 IST,India,Madurai,2027,High,100.00,
24-09-2026 01:51 IST,India,Mangalore,59,Moderate,32.65,
24-09-2026 01:51 IST,India,Manjeri,97,Moderate,32.90,
24-09-2026 01:51 IST,India,Silchar,2062,High,100.00,
24-09-2026 01:51 IST,India,Tiruchirappalli,70,Moderate,56.79,
24-09-2026 01:51 IST,India,Vijayawada,2064,Low,15.71,
24-09-2026 02:00 IST,India,Coimbatore,2019,High,100.00,
24-09-2026 02:00 IST,India,Demow,137,High,100.00,
24-09-2026 02:00 IST,India,Goa,132,Low,21.39,
24-09-2026 02:00 IST,India,Indore,2026,High,100.00,
24-09-2026 02:00 IST,India,Kadapa,2060,Moderate,37.84,
24-09-2026 02:00 IST,India,Madurai,2027,High,100.00,
24-09-2026 02:00 IST,India,Mangalore,59,Moderate,32.65,
24-09-2026 02:00 IST,India,Manjeri,97,Moderate,32.90,
24-09-2026 02:00 IST,India,Silchar,2062,High,100.00,
24-09-2026 02:00 IST,India,Tiruchirappalli,70,Moderate,56.79,
24-09-2026 02:00 IST,India,Vijayawada,2064,Low,15.71,
24-09-2026 03:00 IST,India,Coimbatore,2019,High,100.00,
24-09-2026 03:00 IST,India,Demow,137,High,100.00,
24-09-2026 03:00 IST,India,Goa,132,Low,21.48,
24-09-2026 03:00 IST,India,Indore,2026,High,100.00,
24-09-2026 03:00 IST,India,Kadapa,2060,Moderate,38.93,
24-09-2026 03:00 IST,India,Madurai,2027,High,100.00,
24-09-2026 03:00 IST,India,Mangalore,59,Moderate,32.84,
24-09-2026 03:00 IST,India,Manjeri,97,Moderate,33.09,
24-09-2026 03:00 IST,India,Silchar,2062,High,100.00,
24-09-2026 03:00 IST,India,Tiruchirappalli,70,Moderate,57.13,
24-09-2026 03:00 IST,India,Vijayawada,2064,Low,15.82,
24-09-2026 04:00 IST,India,Coimbatore,2019,High,100.00,
24-09-2026 04:00 IST,India,Demow,137,High,100.00,
24-09-2026 04:00 IST,India,Goa,132,Low,21.48,
24-09-2026 04:00 IST,India,Indore,2026,High,100.00,
24-09-2026 04:00 IST,India,Kadapa,2060,Moderate,38.93,
24-09-2026 04:00 IST,India,Madurai,2027,High,100.00,
24-09-2026 04:00 IST,India,Mangalore,59,Moderate,32.84,
24-09-2026 04:00 IST,India,Manjeri,97,Moderate,33.09,
24-09-2026 04:00 IST,India,Silchar,2062,High,100.00,
24-09-2026 04:00 IST,India,Tiruchirappalli,70,Moderate,57.13,
24-09-2026 04:00 IST,India,Vijayawada,2064,Low,15.82,
24-09-2026 05:00 IST,India,Coimbatore,2019,High,100.00,
24-09-2026 05:00 IST,India,Demow,137,High,100.00,
24-09-2026 05:00 IST,India,Goa,132,Low,21.48,
24-09-2026 05:00 IST,India,Indore,2026,High,100.00,
24-09-2026 05:00 IST,India,Kadapa,2060,Moderate,38.93,
24-09-2026 05:00 IST,India,Madurai,2027,High,100.00,
24-09-2026 05:00 IST,India,Mangalore,59,Moderate,32.84,
24-09-2026 05:00 IST,India,Manjeri,97,Moderate,33.09,
24-09-2026 05:00 IST,India,Silchar,2062,High,100.00,
24-09-2026 05:00 IST,India,Tiruchirappalli,70,Moderate,57.13,
24-09-2026 05:00 IST,India,Vijayawada,2064,Low,15.82,
24-09-2026 05:11 IST,India,Coimbatore,2019,High,100.00,
24-09-2026 05:11 IST,India,Demow,137,High,100.00,
24-09-2026 05:11 IST,India,Goa,132,Low,21.48,
24-09-2026 05:11 IST,India,Indore,2026,High,100.00,
24-09-2026 05:11 IST,India,Kadapa,2060,Moderate,38.93,
24-09-2026 05:11 IST,India,Madurai,2027,High,100.00,
24-09-2026 05:11 IST,India,Mangalore,59,Moderate,32.84,
24-09-2026 05:11 IST,India,Manjeri,97,Moderate,33.09,
24-09-2026 05:11 IST,India,Silchar,2062,High,100.00,
24-09-2026 05:11 IST,India,Tiruchirappalli,70,Moderate,57.13,
24-09-2026 05:11 IST,India,Vijayawada,2064,Low,15.82,
24-09-2026 06:00 IST,India,Coimbatore,2019,High,100.00,
24-09-2026 06:00 IST,India,Demow,137,High,100.00,
24-09-2026 06:00 IST,India,Goa,132,Low,21.48,
24-09-2026 06:00 IST,India,Indore,2026,High,100.00,
24-09-2026 06:00 IST,India,Kadapa,2060,Moderate,38.93,
24-09-2026 06:00 IST,India,Madurai,2027,High,100.00,
24-09-2026 06:00 IST,India,Mangalore,59,Moderate,32.84,
24-09-2026 06:00 IST,India,Manjeri,97,Moderate,33.09,
24-09-2026 06:00 IST,India,Silchar,2062,High,100.00,
24-09-2026 06:00 IST,India,Tiruchirappalli,70,Moderate,57.13,
24-09-2026 06:00 IST,India,Vijayawada,2064,Low,15.82,
24-09-2026 07:00 IST,India,Coimbatore,2019,High,100.00,
24-09-2026 07:00 IST,India,Demow,137,High,100.00,
24-09-2026 07:00 IST,India,Goa,132,Low,21.48,
24-09-2026 07:00 IST,India,Indore,2026,High,100.00,
24-09-2026 07:00 IST,India,Kadapa,2060,Moderate,38.93,
24-09-2026 07:00 IST,India,Madurai,2027,High,100.00,
24-09-2026 07:00 IST,India,Mangalore,59,Moderate,32.84,
24-09-2026 07:00 IST,India,Manjeri,97,Moderate,33.09,
24-09-2026 07:00 IST,India,Silchar,2062,High,100.00,
24-09-2026 07:00 IST,India,Tiruchirappalli,70,Moderate,57.13,
24-09-2026 07:00 IST,India,Vijayawada,2064,Low,15.82,
24-09-2026 08:00 IST,India,Coimbatore,2019,High,100.00,
24-09-2026 08:00 IST,India,Demow,137,High,100.00,
24-09-2026 08:00 IST,India,Goa,132,Low,21.48,
24-09-2026 08:00 IST,India,Indore,2026,High,100.00,
24-09-2026 08:00 IST,India,Kadapa,2060,Moderate,38.93,
24-09-2026 08:00 IST,India,Madurai,2027,High,100.00,
24-09-2026 08:00 IST,India,Mangalore,59,Moderate,32.84,
24-09-2026 08:00 IST,India,Manjeri,97,Moderate,33.09,
24-09-2026 08:00 IST,India,Silchar,2062,High,100.00,
24-09-2026 08:00 IST,India,Tiruchirappalli,70,Moderate,57.13,
24-09-2026 08:00 IST,India,Vijayawada,2064,Low,15.82,
24-09-2026 09:00 IST,India,Coimbatore,2019,High,100.00,
24-09-2026 09:00 IST,India,Demow,137,High,100.00,
24-09-2026 09:00 IST,India,Goa,132,Low,21.48,
24-09-2026 09:00 IST,India,Indore,2026,High,100.00,
24-09-2026 09:00 IST,India,Kadapa,2060,Moderate,38.93,
24-09-2026 09:00 IST,India,Madurai,2027,High,100.00,
24-09-2026 09:00 IST,India,Mangalore,59,Moderate,32.84,
24-09-2026 09:00 IST,India,Manjeri,97,Moderate,33.09,
24-09-2026 09:00 IST,India,Silchar,2062,High,100.00,
24-09-2026 09:00 IST,India,Tiruchirappalli,70,Moderate,57.13,
24-09-2026 09:00 IST,India,Vijayawada,2064,Low,15.82,
24-09-2026 10:00 IST,India,Coimbatore,2019,High,100.00,
24-09-2026 10:00 IST,India,Demow,137,High,100.00,
24-09-2026 10:00 IST,India,Goa,132,Low,21.48,
24-09-2026 10:00 IST,India,Indore,2026,High,100.00,
24-09-2026 10:00 IST,India,Kadapa,2060,Moderate,38.93,
24-09-2026 10:00 IST,India,Madurai,2027,High,100.00,
24-09-2026 10:00 IST,India,Mangalore,59,Moderate,32.84,
24-09-2026 10:00 IST,India,Manjeri,97,Moderate,33.09,
24-09-2026 10:00 IST,India,Silchar,2062,High,100.00,
24-09-2026 10:00 IST,India,Tiruchirappalli,70,Moderate,57.13,
24-09-2026 10:00 IST,India,Vijayawada,2064,Low,15.82,
24-09-2026 10:18 IST,India,Coimbatore,2019,High,100.00,
24-09-2026 10:18 IST,India,Demow,137,High,100.00,
24-09-2026 10:18 IST,India,Goa,132,Low,21.48,
24-09-2026 10:18 IST,India,Indore,2026,High,100.00,
24-09-2026 10:18 IST,India,Kadapa,2060,Moderate,38.93,
24-09-2026 10:18 IST,India,Madurai,2027,High,100.00,
24-09-2026 10:18 IST,India,Mangalore,59,Moderate,32.84,
24-09-2026 10:18 IST,India,Manjeri,97,Moderate,33.09,
24-09-2026 10:18 IST,India,Silchar,2062,High,100.00,
24-09-2026 10:18 IST,India,Tiruchirappalli,70,Moderate,57.13,
24-09-2026 10:18 IST,India,Vijayawada,2064,Low,15.82,
24-09-2026 11:00 IST,India,Coimbatore,2019,High,100.00,
24-09-2026 11:00 IST,India,Demow,137,High,100.00,
24-09-2026 11:00 IST,India,Goa,132,Low,21.48,
24-09-2026 11:00 IST,India,Indore,2026,High,100.00,
24-09-2026 11:00 IST,India,Kadapa,2060,Moderate,38.93,
24-09-2026 11:00 IST,India,Madurai,2027,High,100.00,
24-09-2026 11:00 IST,India,Mangalore,59,Moderate,32.84,
24-09-2026 11:00 IST,India,Manjeri,97,Moderate,33.09,
24-09-2026 11:00 IST,India,Silchar,2062,High,100.00,
24-09-2026 11:00 IST,India,Tiruchirappalli,70,Moderate,57.13,
24-09-2026 11:00 IST,India,Vijayawada,2064,Low,15.82,
24-09-2026 12:01 IST,India,Coimbatore,2019,High,100.00,
24-09-2026 12:01 IST,India,Demow,137,High,100.00,
24-09-2026 12:01 IST,India,Goa,132,Low,21.48,
24-09-2026 12:01 IST,India,Indore,2026,High,100.00,
24-09-2026 12:01 IST,India,Kadapa,2060,Moderate,38.93,
24-09-2026 12:01 IST,India,Madurai,2027,High,100.00,
24-09-2026 12:01 IST,India,Mangalore,59,Moderate,32.84,
24-09-2026 12:01 IST,India,Manjeri,97,Moderate,33.09,
24-09-2026 12:01 IST,India,Silchar,2062,High,100.00,
24-09-2026 12:01 IST,India,Tiruchirappalli,70,Moderate,57.13,
24-09-2026 12:01 IST,India,Vijayawada,2064,Low,15.82,
24-09-2026 13:01 IST,India,Coimbatore,2019,High,100.00,
24-09-2026 13:01 IST,India,Demow,137,High,100.00,
24-09-2026 13:01 IST,India,Goa,132,Low,21.48,
24-09-2026 13:01 IST,India,Indore,2026,High,100.00,
24-09-2026 13:01 IST,India,Kadapa,2060,Moderate,38.93,
24-09-2026 13:01 IST,India,Madurai,2027,High,100.00,
24-09-2026 13:01 IST,India,Mangalore,59,Moderate,32.84,
24-09-2026 13:01 IST,India,Manjeri,97,Moderate,33.09,
24-09-2026 13:01 IST,India,Silchar,2062,High,100.00,
24-09-2026 13:01 IST,India,Tiruchirappalli,70,Moderate,57.13,
24-09-2026 13:01 IST,India,Vijayawada,2064,Low,15.82,
24-09-2026 14:00 IST,India,Coimbatore,2019,High,100.00,
24-09-2026 14:00 IST,India,Demow,137,High,100.00,
24-09-2026 14:00 IST,India,Goa,132,Low,21.48,
24-09-2026 14:00 IST,India,Indore,2026,High,100.00,
24-09-2026 14:00 IST,India,Kadapa,2060,Moderate,38.93,
24-09-2026 14:00 IST,India,Madurai,2027,High,100.00,
24-09-2026 14:00 IST,India,Mangalore,59,Moderate,32.84,
24-09-2026 14:00 IST,India,Manjeri,97,Moderate,33.09,
24-09-2026 14:00 IST,India,Silchar,2062,High,100.00,
24-09-2026 14:00 IST,India,Tiruchirappalli,70,Moderate,57.13,
24-09-2026 14:00 IST,India,Vijayawada,2064,Low,15.82,
24-09-2026 15:01 IST,India,Coimbatore,2019,High,100.00,
24-09-2026 15:01 IST,India,Demow,137,High,100.00,
24-09-2026 15:01 IST,India,Goa,132,Low,21.54,
24-09-2026 15:01 IST,India,Indore,2026,High,100.00,
24-09-2026 15:01 IST,India,Kadapa,2060,Moderate,39.12,
24-09-2026 15:01 IST,India,Madurai,2027,High,100.00,
24-09-2026 15:01 IST,India,Mangalore,59,Moderate,33.13,
24-09-2026 15:01 IST,India,Manjeri,97,Moderate,33.24,
24-09-2026 15:01 IST,India,Silchar,2062,High,100.00,
24-09-2026 15:01 IST,India,Tiruchirappalli,70,Moderate,58.02,
24-09-2026 15:01 IST,India,Vijayawada,2064,Low,15.82,
24-09-2026 15:30 IST,India,Coimbatore,2019,High,100.00,
24-09-2026 15:30 IST,India,Demow,137,High,100.00,
24-09-2026 15:30 IST,India,Goa,132,Low,21.54,
24-09-2026 15:30 IST,India,Indore,2026,High,100.00,
24-09-2026 15:30 IST,India,Kadapa,2060,Moderate,39.12,
24-09-2026 15:30 IST,India,Madurai,2027,High,100.00,
24-09-2026 15:30 IST,India,Mangalore,59,Moderate,33.13,
24-09-2026 15:30 IST,India,Manjeri,97,Moderate,33.24,
24-09-2026 15:30 IST,India,Silchar,2062,High,100.00,
24-09-2026 15:30 IST,India,Tiruchirappalli,70,Moderate,58.02,
24-09-2026 15:30 IST,India,Vijayawada,2064,Low,15.82,
24-09-2026 16:00 IST,India,Coimbatore,2019,High,100.00,
24-09-2026 16:00 IST,India,Demow,137,High,100.00,
24-09-2026 16:00 IST,India,Goa,132,Low,21.54,
24-09-2026 16:00 IST,India,Indore,2026,High,100.00,
24-09-2026 16:00 IST,India,Kadapa,2060,Moderate,39.12,
24-09-2026 16:00 IST,India,Madurai,2027,High,100.00,
24-09-2026 16:00 IST,India,Mangalore,59,Moderate,33.13,
24-09-2026 16:00 IST,India,Manjeri,97,Moderate,33.24,
24-09-2026 16:00 IST,India,Silchar,2062,High,100.00,
24-09-2026 16:00 IST,India,Tiruchirappalli,70,Moderate,58.02,
24-09-2026 16:00 IST,India,Vijayawada,2064,Low,15.82,
24-09-2026 17:01 IST,India,Coimbatore,2019,High,100.00,
24-09-2026 17:01 IST,India,Demow,137,High,100.00,
24-09-2026 17:01 IST,India,Goa,132,Low,21.54,
24-09-2026 17:01 IST,India,Indore,2026,High,100.00,
24-09-2026 17:01 IST,India,Kadapa,2060,Moderate,39.12,
24-09-2026 17:01 IST,India,Madurai,2027,High,100.00,
24-09-2026 17:01 IST,India,Mangalore,59,Moderate,33.13,
24-09-2026 17:01 IST,India,Manjeri,97,Moderate,33.24,
24-09-2026 17:01 IST,India,Silchar,2062,High,100.00,
24-09-2026 17:01 IST,India,Tiruchirappalli,70,Moderate,58.02,
24-09-2026 17:01 IST,India,Vijayawada,2064,Low,15.82,
24-09-2026 18:01 IST,India,Coimbatore,2019,High,100.00,
24-09-2026 18:01 IST,India,Demow,137,High,100.00,
24-09-2026 18:01 IST,India,Goa,132,Low,21.54,
24-09-2026 18:01 IST,India,Indore,2026,High,100.00,
24-09-2026 18:01 IST,India,Kadapa,2060,Moderate,39.12,
24-09-2026 18:01 IST,India,Madurai,2027,High,100.00,
24-09-2026 18:01 IST,India,Mangalore,59,Moderate,33.13,
24-09-2026 18:01 IST,India,Manjeri,97,Moderate,33.24,
24-09-2026 18:01 IST,India,Silchar,2062,High,100.00,
24-09-2026 18:01 IST,India,Tiruchirappalli,70,Moderate,58.02,
24-09-2026 18:01 IST,India,Vijayawada,2064,Low,15.82,
24-09-2026 19:00 IST,India,Coimbatore,2019,High,100.00,
24-09-2026 19:00 IST,India,Demow,137,High,100.00,
24-09-2026 19:00 IST,India,Goa,132,Low,21.54,
24-09-2026 19:00 IST,India,Indore,2026,High,100.00,
24-09-2026 19:00 IST,India,Kadapa,2060,Moderate,39.12,
24-09-2026 19:00 IST,India,Madurai,2027,High,100.00,
24-09-2026 19:00 IST,India,Mangalore,59,Moderate,33.13,
24-09-2026 19:00 IST,India,Manjeri,97,Moderate,33.24,
24-09-2026 19:00 IST,India,Silchar,2062,High,100.00,
24-09-2026 19:00 IST,India,Tiruchirappalli,70,Moderate,58.02,
24-09-2026 19:00 IST,India,Vijayawada,2064,Low,15.82,
24-09-2026 20:01 IST,India,Coimbatore,2019,High,100.00,
24-09-2026 20:01 IST,India,Demow,137,High,100.00,
24-09-2026 20:01 IST,India,Goa,132,Low,21.54,
24-09-2026 20:01 IST,India,Indore,2026,High,100.00,
24-09-2026 20:01 IST,India,Kadapa,2060,Moderate,39.12,
24-09-2026 20:01 IST,India,Madurai,2027,High,100.00,
24-09-2026 20:01 IST,India,Mangalore,59,Moderate,33.13,
24-09-2026 20:01 IST,India,Manjeri,97,Moderate,33.24,
24-09-2026 20:01 IST,India,Silchar,2062,High,100.00,
24-09-2026 20:01 IST,India,Tiruchirappalli,70,Moderate,58.02,
24-09-2026 20:01 IST,India,Vijayawada,2064,Low,15.82,
24-09-2026 20:35 IST,India,Coimbatore,2019,High,100.00,
24-09-2026 20:35 IST,India,Demow,137,High,100.00,
24-09-2026 20:35 IST,India,Goa,132,Low,21.54,
24-09-2026 20:35 IST,India,Indore,2026,High,100.00,
24-09-2026 20:35 IST,India,Kadapa,2060,Moderate,39.12,
24-09-2026 20:35 IST,India,Madurai,2027,High,100.00,
24-09-2026 20:35 IST,India,Mangalore,59,Moderate,33.13,
24-09-2026 20:35 IST,India,Manjeri,97,Moderate,33.24,
24-09-2026 20:35 IST,India,Silchar,2062,High,100.00,
24-09-2026 20:35 IST,India,Tiruchirappalli,70,Moderate,58.02,
24-09-2026 20:35 IST,India,Vijayawada,2064,Low,15.82,
24-09-2026 21:00 IST,India,Coimbatore,2019,High,100.00,
24-09-2026 21:00 IST,India,Demow,137,High,100.00,
24-09-2026 21:00 IST,India,Goa,132,Low,21.54,
24-09-2026 21:00 IST,India,Indore,2026,High,100.00,
24-09-2026 21:00 IST,India,Kadapa,2060,Moderate,39.12,
24-09-2026 21:00 IST,India,Madurai,2027,High,100.00,
24-09-2026 21:00 IST,India,Mangalore,59,Moderate,33.13,
24-09-2026 21:00 IST,India,Manjeri,97,Moderate,33.24,
24-09-2026 21:00 IST,India,Silchar,2062,High,100.00,
24-09-2026 21:00 IST,India,Tiruchirappalli,70,Moderate,58.02,
24-09-2026 21:00 IST,India,Vijayawada,2064,Low,15.82,
24-09-2026 22:01 IST,India,Coimbatore,2019,High,100.00,
24-09-2026 22:01 IST,India,Demow,137,High,100.00,
24-09-2026 22:01 IST,India,Goa,132,Low,21.54,
24-09-2026 22:01 IST,India,Indore,2026,High,100.00,
24-09-2026 22:01 IST,India,Kadapa,2060,Moderate,39.12,
24-09-2026 22:01 IST,India,Madurai,2027,High,100.00,
24-09-2026 22:01 IST,India,Mangalore,59,Moderate,33.13,
24-09-2026 22:01 IST,India,Manjeri,97,Moderate,33.24,
24-09-2026 22:01 IST,India,Silchar,2062,High,100.00,
24-09-2026 22:01 IST,India,Tiruchirappalli,70,Moderate,58.02,
24-09-2026 22:01 IST,India,Vijayawada,2064,Low,15.82,
24-09-2026 23:01 IST,India,Coimbatore,2019,High,100.00,
24-09-2026 23:01 IST,India,Demow,137,High,100.00,
24-09-2026 23:01 IST,India,Goa,132,Low,21.54,
24-09-2026 23:01 IST,India,Indore,2026,High,100.00,
24-09-2026 23:01 IST,India,Kadapa,2060,Moderate,39.12,
24-09-2026 23:01 IST,India,Madurai,2027,High,100.00,
24-09-2026 23:01 IST,India,Mangalore,59,Moderate,33.13,
24-09-2026 23:01 IST,India,Manjeri,97,Moderate,33.24,
24-09-2026 23:01 IST,India,Silchar,2062,High,100.00,
24-09-2026 23:01 IST,India,Tiruchirappalli,70,Moderate,58.02,
24-09-2026 23:01 IST,India,Vijayawada,2064,Low,15.82,
25-09-2026 00:00 IST,India,Coimbatore,2019,High,100.00,
25-09-2026 00:00 IST,India,Demow,137,High,100.00,
25-09-2026 00:00 IST,India,Goa,132,Low,21.54,
25-09-2026 00:00 IST,India,Indore,2026,High,100.00,
25-09-2026 00:00 IST,India,Kadapa,2060,Moderate,39.12,
25-09-2026 00:00 IST,India,Madurai,2027,High,100.00,
25-09-2026 00:00 IST,India,Mangalore,59,Moderate,33.13,
25-09-2026 00:00 IST,India,Manjeri,97,Moderate,33.24,
25-09-2026 00:00 IST,India,Silchar,2062,High,100.00,
25-09-2026 00:00 IST,India,Tiruchirappalli,70,Moderate,58.02,
25-09-2026 00:00 IST,India,Vijayawada,2064,Low,15.82,
25-09-2026 00:39 IST,India,Coimbatore,2019,High,100.00,
25-09-2026 00:39 IST,India,Demow,137,High,100.00,
25-09-2026 00:39 IST,India,Goa,132,Low,21.54,
25-09-2026 00:39 IST,India,Indore,2026,High,100.00,
25-09-2026 00:39 IST,India,Kadapa,2060,Moderate,39.12,
25-09-2026 00:39 IST,India,Madurai,2027,High,100.00,
25-09-2026 00:39 IST,India,Mangalore,59,Moderate,33.13,
25-09-2026 00:39 IST,India,Manjeri,97,Moderate,33.24,
25-09-2026 00:39 IST,India,Silchar,2062,High,100.00,
25-09-2026 00:39 IST,India,Tiruchirappalli,70,Moderate,58.02,
25-09-2026 00:39 IST,India,Vijayawada,2064,Low,15.82,
25-09-2026 01:00 IST,India,Coimbatore,2019,High,100.00,
25-09-2026 01:00 IST,India,Demow,137,High,100.00,
25-09-2026 01:00 IST,India,Goa,132,Low,21.54,
25-09-2026 01:00 IST,India,Indore,2026,High,100.00,
25-09-2026 01:00 IST,India,Kadapa,2060,Moderate,39.12,
25-09-2026 01:00 IST,India,Madurai,2027,High,100.00,
25-09-2026 01:00 IST,India,Mangalore,59,Moderate,33.13,
25-09-2026 01:00 IST,India,Manjeri,97,Moderate,33.24,
25-09-2026 01:00 IST,India,Silchar,2062,High,100.00,
25-09-2026 01:00 IST,India,Tiruchirappalli,70,Moderate,58.02,
25-09-2026 01:00 IST,India,Vijayawada,2064,Low,15.82,
25-09-2026 02:00 IST,India,Coimbatore,2019,High,100.00,
25-09-2026 02:00 IST,India,Demow,137,High,100.00,
25-09-2026 02:00 IST,India,Goa,132,Low,21.54,
25-09-2026 02:00 IST,India,Indore,2026,High,100.00,
25-09-2026 02:00 IST,India,Kadapa,2060,Moderate,39.12,
25-09-2026 02:00 IST,India,Madurai,2027,High,100.00,
25-09-2026 02:00 IST,India,Mangalore,59,Moderate,33.13,
25-09-2026 02:00 IST,India,Manjeri,97,Moderate,33.24,
25-09-2026 02:00 IST,India,Silchar,2062,High,100.00,
25-09-2026 02:00 IST,India,Tiruchirappalli,70,Moderate,58.02,
25-09-2026 02:00 IST,India,Vijayawada,2064,Low,15.82,
25-09-2026 03:00 IST,India,Coimbatore,2019,High,100.00,
25-09-2026 03:00 IST,India,Demow,137,High,100.00,
25-09-2026 03:00 IST,India,Goa,132,Low,21.76,
25-09-2026 03:00 IST,India,Indore,2026,High,100.00,
25-09-2026 03:00 IST,India,Kadapa,2060,Moderate,40.13,
25-09-2026 03:00 IST,India,Madurai,2027,High,100.00,
25-09-2026 03:00 IST,India,Mangalore,59,Moderate,33.20,
25-09-2026 03:00 IST,India,Manjeri,97,Moderate,33.31,
25-09-2026 03:00 IST,India,Silchar,2062,High,100.00,
25-09-2026 03:00 IST,India,Tiruchirappalli,70,Moderate,58.21,
25-09-2026 03:00 IST,India,Vijayawada,2064,Low,15.89,
25-09-2026 03:53 IST,India,Coimbatore,2019,High,100.00,
25-09-2026 03:53 IST,India,Demow,137,High,100.00,
25-09-2026 03:53 IST,India,Goa,132,Low,21.76,
25-09-2026 03:53 IST,India,Indore,2026,High,100.00,
25-09-2026 03:53 IST,India,Kadapa,2060,Moderate,40.13,
25-09-2026 03:53 IST,India,Madurai,2027,High,100.00,
25-09-2026 03:53 IST,India,Mangalore,59,Moderate,33.20,
25-09-2026 03:53 IST,India,Manjeri,97,Moderate,33.31,
25-09-2026 03:53 IST,India,Silchar,2062,High,100.00,
25-09-2026 03:53 IST,India,Tiruchirappalli,70,Moderate,58.21,
25-09-2026 03:53 IST,India,Vijayawada,2064,Low,15.89,
25-09-2026 04:00 IST,India,Coimbatore,2019,High,100.00,
25-09-2026 04:00 IST,India,Demow,137,High,100.00,
25-09-2026 04:00 IST,India,Goa,132,Low,21.76,
25-09-2026 04:00 IST,India,Indore,2026,High,100.00,
25-09-2026 04:00 IST,India,Kadapa,2060,Moderate,40.13,
25-09-2026 04:00 IST,India,Madurai,2027,High,100.00,
25-09-2026 04:00 IST,India,Mangalore,59,Moderate,33.20,
25-09-2026 04:00 IST,India,Manjeri,97,Moderate,33.31,
25-09-2026 04:00 IST,India,Silchar,2062,High,100.00,
25-09-2026 04:00 IST,India,Tiruchirappalli,70,Moderate,58.21,
25-09-2026 04:00 IST,India,Vijayawada,2064,Low,15.89,
25-09-2026 05:00 IST,India,Coimbatore,2019,High,100.00,
25-09-2026 05:00 IST,India,Demow,137,High,100.00,
25-09-2026 05:00 IST,India,Goa,132,Low,21.76,
25-09-2026 05:00 IST,India,Indore,2026,High,100.00,
25-09-2026 05:00 IST,India,Kadapa,2060,Moderate,40.13,
25-09-2026 05:00 IST,India,Madurai,2027,High,100.00,
25-09-2026 05:00 IST,India,Mangalore,59,Moderate,33.20,
25-09-2026 05:00 IST,India,Manjeri,97,Moderate,33.31,
25-09-2026 05:00 IST,India,Silchar,2062,High,100.00,
25-09-2026 05:00 IST,India,Tiruchirappalli,70,Moderate,58.21,
25-09-2026 05:00 IST,India,Vijayawada,2064,Low,15.89,
25-09-2026 06:00 IST,India,Coimbatore,2019,High,100.00,
25-09-2026 06:00 IST,India,Demow,137,High,100.00,
25-09-2026 06:00 IST,India,Goa,132,Low,21.76,
25-09-2026 06:00 IST,India,Indore,2026,High,100.00,
25-09-2026 06:00 IST,India,Kadapa,2060,Moderate,40.13,
25-09-2026 06:00 IST,India,Madurai,2027,High,100.00,
25-09-2026 06:00 IST,India,Mangalore,59,Moderate,33.20,
25-09-2026 06:00 IST,India,Manjeri,97,Moderate,33.31,
25-09-2026 06:00 IST,India,Silchar,2062,High,100.00,
25-09-2026 06:00 IST,India,Tiruchirappalli,70,Moderate,58.21,
25-09-2026 06:00 IST,India,Vijayawada,2064,Low,15.89,
25-09-2026 06:59 IST,India,Coimbatore,2019,High,100.00,
25-09-2026 06:59 IST,India,Demow,137,High,100.00,
25-09-2026 06:59 IST,India,Goa,132,Low,21.76,
25-09-2026 06:59 IST,India,Indore,2026,High,100.00,
25-09-2026 06:59 IST,India,Kadapa,2060,Moderate,40.13,
25-09-2026 06:59 IST,India,Madurai,2027,High,100.00,
25-09-2026 06:59 IST,India,Mangalore,59,Moderate,33.20,
25-09-2026 06:59 IST,India,Manjeri,97,Moderate,33.31,
25-09-2026 06:59 IST,India,Silchar,2062,High,100.00,
25-09-2026 06:59 IST,India,Tiruchirappalli,70,Moderate,58.21,
25-09-2026 06:59 IST,India,Vijayawada,2064,Low,15.89,
25-09-2026 07:00 IST,India,Coimbatore,2019,High,100.00,
25-09-2026 07:00 IST,India,Demow,137,High,100.00,
25-09-2026 07:00 IST,India,Goa,132,Low,21.76,
25-09-2026 07:00 IST,India,Indore,2026,High,100.00,
25-09-2026 07:00 IST,India,Kadapa,2060,Moderate,40.13,
25-09-2026 07:00 IST,India,Madurai,2027,High,100.00,
25-09-2026 07:00 IST,India,Mangalore,59,Moderate,33.20,
25-09-2026 07:00 IST,India,Manjeri,97,Moderate,33.31,
25-09-2026 07:00 IST,India,Silchar,2062,High,100.00,
25-09-2026 07:00 IST,India,Tiruchirappalli,70,Moderate,58.21,
25-09-2026 07:00 IST,India,Vijayawada,2064,Low,15.89,
25-09-2026 08:00 IST,India,Coimbatore,2019,High,100.00,
25-09-2026 08:00 IST,India,Demow,137,High,100.00,
25-09-2026 08:00 IST,India,Goa,132,Low,21.76,
25-09-2026 08:00 IST,India,Indore,2026,High,100.00,
25-09-2026 08:00 IST,India,Kadapa,2060,Moderate,40.13,
25-09-2026 08:00 IST,India,Madurai,2027,High,100.00,
25-09-2026 08:00 IST,India,Mangalore,59,Moderate,33.20,
25-09-2026 08:00 IST,India,Manjeri,97,Moderate,33.31,
25-09-2026 08:00 IST,India,Silchar,2062,High,100.00,
25-09-2026 08:00 IST,India,Tiruchirappalli,70,Moderate,58.21,
25-09-2026 08:00 IST,India,Vijayawada,2064,Low,15.89,
25-09-2026 09:00 IST,India,Coimbatore,2019,High,100.00,
25-09-2026 09:00 IST,India,Demow,137,High,100.00,
25-09-2026 09:00 IST,India,Goa,132,Low,21.76,
25-09-2026 09:00 IST,India,Indore,2026,High,100.00,
25-09-2026 09:00 IST,India,Kadapa,2060,Moderate,40.13,
25-09-2026 09:00 IST,India,Madurai,2027,High,100.00,
25-09-2026 09:00 IST,India,Mangalore,59,Moderate,33.20,
25-09-2026 09:00 IST,India,Manjeri,97,Moderate,33.31,
25-09-2026 09:00 IST,India,Silchar,2062,High,100.00,
25-09-2026 09:00 IST,India,Tiruchirappalli,70,Moderate,58.21,
25-09-2026 09:00 IST,India,Vijayawada,2064,Low,15.89,
25-09-2026 10:00 IST,India,Coimbatore,2019,High,100.00,
25-09-2026 10:00 IST,India,Demow,137,High,100.00,
25-09-2026 10:00 IST,India,Goa,132,Low,21.76,
25-09-2026 10:00 IST,India,Indore,2026,High,100.00,
25-09-2026 10:00 IST,India,Kadapa,2060,Moderate,40.13,
25-09-2026 10:00 IST,India,Madurai,2027,High,100.00,
25-09-2026 10:00 IST,India,Mangalore,59,Moderate,33.20,
25-09-2026 10:00 IST,India,Manjeri,97,Moderate,33.31,
25-09-2026 10:00 IST,India,Silchar,2062,High,100.00,
25-09-2026 10:00 IST,India,Tiruchirappalli,70,Moderate,58.21,
25-09-2026 10:00 IST,India,Vijayawada,2064,Low,15.89,
25-09-2026 11:00 IST,India,Coimbatore,2019,High,100.00,
25-09-2026 11:00 IST,India,Demow,137,High,100.00,
25-09-2026 11:00 IST,India,Goa,132,Low,21.76,
25-09-2026 11:00 IST,India,Indore,2026,High,100.00,
25-09-2026 11:00 IST,India,Kadapa,2060,Moderate,40.13,
25-09-2026 11:00 IST,India,Madurai,2027,High,100.00,
25-09-2026 11:00 IST,India,Mangalore,59,Moderate,33.20,
25-09-2026 11:00 IST,India,Manjeri,97,Moderate,33.31,
25-09-2026 11:00 IST,India,Silchar,2062,High,100.00,
25-09-2026 11:00 IST,India,Tiruchirappalli,70,Moderate,58.21,
25-09-2026 11:00 IST,India,Vijayawada,2064,Low,15.89,
25-09-2026 12:00 IST,India,Coimbatore,2019,High,100.00,
25-09-2026 12:00 IST,India,Demow,137,High,100.00,
25-09-2026 12:00 IST,India,Goa,132,Low,21.76,
25-09-2026 12:00 IST,India,Indore,2026,High,100.00,
25-09-2026 12:00 IST,India,Kadapa,2060,Moderate,40.13,
25-09-2026 12:00 IST,India,Madurai,2027,High,100.00,
25-09-2026 12:00 IST,India,Mangalore,59,Moderate,33.20,
25-09-2026 12:00 IST,India,Manjeri,97,Moderate,33.31,
25-09-2026 12:00 IST,India,Silchar,2062,High,100.00,
25-09-2026 12:00 IST,India,Tiruchirappalli,70,Moderate,58.21,
25-09-2026 12:00 IST,India,Vijayawada,2064,Low,15.89,
25-09-2026 13:00 IST,India,Coimbatore,2019,High,100.00,
25-09-2026 13:00 IST,India,Demow,137,High,100.00,
25-09-2026 13:00 IST,India,Goa,132,Low,21.76,
25-09-2026 13:00 IST,India,Indore,2026,High,100.00,
25-09-2026 13:00 IST,India,Kadapa,2060,Moderate,40.13,
25-09-2026 13:00 IST,India,Madurai,2027,High,100.00,
25-09-2026 13:00 IST,India,Mangalore,59,Moderate,33.20,
25-09-2026 13:00 IST,India,Manjeri,97,Moderate,33.31,
25-09-2026 13:00 IST,India,Silchar,2062,High,100.00,
25-09-2026 13:00 IST,India,Tiruchirappalli,70,Moderate,58.21,
25-09-2026 13:00 IST,India,Vijayawada,2064,Low,15.89,
25-09-2026 13:17 IST,India,Coimbatore,2019,High,100.00,
25-09-2026 13:17 IST,India,Demow,137,High,100.00,
25-09-2026 13:17 IST,India,Goa,132,Low,21.76,
25-09-2026 13:17 IST,India,Indore,2026,High,100.00,
25-09-2026 13:17 IST,India,Kadapa,2060,Moderate,40.13,
25-09-2026 13:17 IST,India,Madurai,2027,High,100.00,
25-09-2026 13:17 IST,India,Mangalore,59,Moderate,33.20,
25-09-2026 13:17 IST,India,Manjeri,97,Moderate,33.31,
25-09-2026 13:17 IST,India,Silchar,2062,High,100.00,
25-09-2026 13:17 IST,India,Tiruchirappalli,70,Moderate,58.21,
25-09-2026 13:17 IST,India,Vijayawada,2064,Low,15.89,
25-09-2026 14:01 IST,India,Coimbatore,2019,High,100.00,
25-09-2026 14:01 IST,India,Demow,137,High,100.00,
25-09-2026 14:01 IST,India,Goa,132,Low,21.76,
25-09-2026 14:01 IST,India,Indore,2026,High,100.00,
25-09-2026 14:01 IST,India,Kadapa,2060,Moderate,40.13,
25-09-2026 14:01 IST,India,Madurai,2027,High,100.00,
25-09-2026 14:01 IST,India,Mangalore,59,Moderate,33.20,
25-09-2026 14:01 IST,India,Manjeri,97,Moderate,33.31,
25-09-2026 14:01 IST,India,Silchar,2062,High,100.00,
25-09-2026 14:01 IST,India,Tiruchirappalli,70,Moderate,58.21,
25-09-2026 14:01 IST,India,Vijayawada,2064,Low,15.89,
25-09-2026 15:00 IST,India,Coimbatore,2019,High,100.00,
25-09-2026 15:00 IST,India,Demow,137,High,100.00,
25-09-2026 15:00 IST,India,Goa,132,Low,21.72,
25-09-2026 15:00 IST,India,Indore,2026,High,100.00,
25-09-2026 15:00 IST,India,Kadapa,2060,Moderate,41.14,
25-09-2026 15:00 IST,India,Madurai,2027,High,100.00,
25-09-2026 15:00 IST,India,Mangalore,59,Moderate,33.04,
25-09-2026 15:00 IST,India,Manjeri,97,Moderate,33.16,
25-09-2026 15:00 IST,India,Silchar,2062,High,100.00,
25-09-2026 15:00 IST,India,Tiruchirappalli,70,Moderate,57.91,
25-09-2026 15:00 IST,India,Vijayawada,2064,Low,15.93,
25-09-2026 16:00 IST,India,Coimbatore,2019,High,100.00,
25-09-2026 16:00 IST,India,Demow,137,High,100.00,
25-09-2026 16:00 IST,India,Goa,132,Low,21.72,
25-09-2026 16:00 IST,India,Indore,2026,High,100.00,
25-09-2026 16:00 IST,India,Kadapa,2060,Moderate,41.14,
25-09-2026 16:00 IST,India,Madurai,2027,High,100.00,
25-09-2026 16:00 IST,India,Mangalore,59,Moderate,33.04,
25-09-2026 16:00 IST,India,Manjeri,97,Moderate,33.16,
25-09-2026 16:00 IST,India,Silchar,2062,High,100.00,
25-09-2026 16:00 IST,India,Tiruchirappalli,70,Moderate,57.91,
25-09-2026 16:00 IST,India,Vijayawada,2064,Low,15.93,
25-09-2026 17:00 IST,India,Coimbatore,2019,High,100.00,
25-09-2026 17:00 IST,India,Demow,137,High,100.00,
25-09-2026 17:00 IST,India,Goa,132,Low,21.72,
25-09-2026 17:00 IST,India,Indore,2026,High,100.00,
25-09-2026 17:00 IST,India,Kadapa,2060,Moderate,41.14,
25-09-2026 17:00 IST,India,Madurai,2027,High,100.00,
25-09-2026 17:00 IST,India,Mangalore,59,Moderate,33.04,
25-09-2026 17:00 IST,India,Manjeri,97,Moderate,33.16,
25-09-2026 17:00 IST,India,Silchar,2062,High,100.00,
25-09-2026 17:00 IST,India,Tiruchirappalli,70,Moderate,57.91,
25-09-2026 17:00 IST,India,Vijayawada,2064,Low,15.93,
25-09-2026 18:00 IST,India,Coimbatore,2019,High,100.00,
25-09-2026 18:00 IST,India,Demow,137,High,100.00,
25-09-2026 18:00 IST,India,Goa,132,Low,21.72,
25-09-2026 18:00 IST,India,Indore,2026,High,100.00,
25-09-2026 18:00 IST,India,Kadapa,2060,Moderate,41.14,
25-09-2026 18:00 IST,India,Madurai,2027,High,100.00,
25-09-2026 18:00 IST,India,Mangalore,59,Moderate,33.04,
25-09-2026 18:00 IST,India,Manjeri,97,Moderate,33.16,
25-09-2026 18:00 IST,India,Silchar,2062,High,100.00,
25-09-2026 18:00 IST,India,Tiruchirappalli,70,Moderate,57.91,
25-09-2026 18:00 IST,India,Vijayawada,2064,Low,15.93,
25-09-2026 19:00 IST,India,Coimbatore,2019,High,100.00,
25-09-2026 19:00 IST,India,Demow,137,High,100.00,
25-09-2026 19:00 IST,India,Goa,132,Low,21.72,
25-09-2026 19:00 IST,India,Indore,2026,High,100.00,
25-09-2026 19:00 IST,India,Kadapa,2060,Moderate,41.14,
25-09-2026 19:00 IST,India,Madurai,2027,High,100.00,
25-09-2026 19:00 IST,India,Mangalore,59,Moderate,33.04,
25-09-2026 19:00 IST,India,Manjeri,97,Moderate,33.16,
25-09-2026 19:00 IST,India,Silchar,2062,High,100.00,
25-09-2026 19:00 IST,India,Tiruchirappalli,70,Moderate,57.91,
25-09-2026 19:00 IST,India,Vijayawada,2064,Low,15.93,
25-09-2026 19:16 IST,India,Coimbatore,2019,High,100.00,
25-09-2026 19:16 IST,India,Demow,137,High,100.00,
25-09-2026 19:16 IST,India,Goa,132,Low,21.72,
25-09-2026 19:16 IST,India,Indore,2026,High,100.00,
25-09-2026 19:16 IST,India,Kadapa,2060,Moderate,41.14,
25-09-2026 19:16 IST,India,Madurai,2027,High,100.00,
25-09-2026 19:16 IST,India,Mangalore,59,Moderate,33.04,
25-09-2026 19:16 IST,India,Manjeri,97,Moderate,33.16,
25-09-2026 19:16 IST,India,Silchar,2062,High,100.00,
25-09-2026 19:16 IST,India,Tiruchirappalli,70,Moderate,57.91,
25-09-2026 19:16 IST,India,Vijayawada,2064,Low,15.93,
25-09-2026 20:00 IST,India,Coimbatore,2019,High,100.00,
25-09-2026 20:00 IST,India,Demow,137,High,100.00,
25-09-2026 20:00 IST,India,Goa,132,Low,21.72,
25-09-2026 20:00 IST,India,Indore,2026,High,100.00,
25-09-2026 20:00 IST,India,Kadapa,2060,Moderate,41.14,
25-09-2026 20:00 IST,India,Madurai,2027,High,100.00,
25-09-2026 20:00 IST,India,Mangalore,59,Moderate,33.04,
25-09-2026 20:00 IST,India,Manjeri,97,Moderate,33.16,
25-09-2026 20:00 IST,India,Silchar,2062,High,100.00,
25-09-2026 20:00 IST,India,Tiruchirappalli,70,Moderate,57.91,
25-09-2026 20:00 IST,India,Vijayawada,2064,Low,15.93,
25-09-2026 21:01 IST,India,Coimbatore,2019,High,100.00,
25-09-2026 21:01 IST,India,Demow,137,High,100.00,
25-09-2026 21:01 IST,India,Goa,132,Low,21.72,
25-09-2026 21:01 IST,India,Indore,2026,High,100.00,
25-09-2026 21:01 IST,India,Kadapa,2060,Moderate,41.14,
25-09-2026 21:01 IST,India,Madurai,2027,High,100.00,
25-09-2026 21:01 IST,India,Mangalore,59,Moderate,33.04,
25-09-2026 21:01 IST,India,Manjeri,97,Moderate,33.16,
25-09-2026 21:01 IST,India,Silchar,2062,High,100.00,
25-09-2026 21:01 IST,India,Tiruchirappalli,70,Moderate,57.91,
25-09-2026 21:01 IST,India,Vijayawada,2064,Low,15.93,
25-09-2026 22:00 IST,India,Coimbatore,2019,High,100.00,
25-09-2026 22:00 IST,India,Demow,137,High,100.00,
25-09-2026 22:00 IST,India,Goa,132,Low,21.72,
25-09-2026 22:00 IST,India,Indore,2026,High,100.00,
25-09-2026 22:00 IST,India,Kadapa,2060,Moderate,41.14,
25-09-2026 22:00 IST,India,Madurai,2027,High,100.00,
25-09-2026 22:00 IST,India,Mangalore,59,Moderate,33.04,
25-09-2026 22:00 IST,India,Manjeri,97,Moderate,33.16,
25-09-2026 22:00 IST,India,Silchar,2062,High,100.00,
25-09-2026 22:00 IST,India,Tiruchirappalli,70,Moderate,57.91,
25-09-2026 22:00 IST,India,Vijayawada,2064,Low,15.93,
25-09-2026 23:00 IST,India,Coimbatore,2019,High,100.00,
25-09-2026 23:00 IST,India,Demow,137,High,100.00,
25-09-2026 23:00 IST,India,Goa,132,Low,21.72,
25-09-2026 23:00 IST,India,Indore,2026,High,100.00,
25-09-2026 23:00 IST,India,Kadapa,2060,Moderate,41.14,
25-09-2026 23:00 IST,India,Madurai,2027,High,100.00,
25-09-2026 23:00 IST,India,Mangalore,59,Moderate,33.04,
25-09-2026 23:00 IST,India,Manjeri,97,Moderate,33.16,
25-09-2026 23:00 IST,India,Silchar,2062,High,100.00,
25-09-2026 23:00 IST,India,Tiruchirappalli,70,Moderate,57.91,
25-09-2026 23:00 IST,India,Vijayawada,2064,Low,15.93,
26-09-2026 00:00 IST,India,Coimbatore,2019,High,100.00,
26-09-2026 00:00 IST,India,Demow,137,High,100.00,
26-09-2026 00:00 IST,India,Goa,132,Low,21.72,
26-09-2026 00:00 IST,India,Indore,2026,High,100.00,
26-09-2026 00:00 IST,India,Kadapa,2060,Moderate,41.14,
26-09-2026 00:00 IST,India,Madurai,2027,High,100.00,
26-09-2026 00:00 IST,India,Mangalore,59,Moderate,33.04,
26-09-2026 00:00 IST,India,Manjeri,97,Moderate,33.16,
26-09-2026 00:00 IST,India,Silchar,2062,High,100.00,
26-09-2026 00:00 IST,India,Tiruchirappalli,70,Moderate,57.91,
26-09-2026 00:00 IST,India,Vijayawada,2064,Low,15.93,
26-09-2026 00:05 IST,India,Coimbatore,2019,High,100.00,
26-09-2026 00:05 IST,India,Demow,137,High,100.00,
26-09-2026 00:05 IST,India,Goa,132,Low,21.72,
26-09-2026 00:05 IST,India,Indore,2026,High,100.00,
26-09-2026 00:05 IST,India,Kadapa,2060,Moderate,41.14,
26-09-2026 00:05 IST,India,Madurai,2027,High,100.00,
26-09-2026 00:05 IST,India,Mangalore,59,Moderate,33.04,
26-09-2026 00:05 IST,India,Manjeri,97,Moderate,33.16,
26-09-2026 00:05 IST,India,Silchar,2062,High,100.00,
26-09-2026 00:05 IST,India,Tiruchirappalli,70,Moderate,57.91,
26-09-2026 00:05 IST,India,Vijayawada,2064,Low,15.93,
26-09-2026 01:00 IST,India,Coimbatore,2019,High,100.00,
26-09-2026 01:00 IST,India,Demow,137,High,100.00,
26-09-2026 01:00 IST,India,Goa,132,Low,21.72,
26-09-2026 01:00 IST,India,Indore,2026,High,100.00,
26-09-2026 01:00 IST,India,Kadapa,2060,Moderate,41.14,
26-09-2026 01:00 IST,India,Madurai,2027,High,100.00,
26-09-2026 01:00 IST,India,Mangalore,59,Moderate,33.04,
26-09-2026 01:00 IST,India,Manjeri,97,Moderate,33.16,
26-09-2026 01:00 IST,India,Silchar,2062,High,100.00,
26-09-2026 01:00 IST,India,Tiruchirappalli,70,Moderate,57.91,
26-09-2026 01:00 IST,India,Vijayawada,2064,Low,15.93,
26-09-2026 02:00 IST,India,Coimbatore,2019,High,100.00,
26-09-2026 02:00 IST,India,Demow,137,High,100.00,
26-09-2026 02:00 IST,India,Goa,132,Low,21.72,
26-09-2026 02:00 IST,India,Indore,2026,High,100.00,
26-09-2026 02:00 IST,India,Kadapa,2060,Moderate,41.14,
26-09-2026 02:00 IST,India,Madurai,2027,High,100.00,
26-09-2026 02:00 IST,India,Mangalore,59,Moderate,33.04,
26-09-2026 02:00 IST,India,Manjeri,97,Moderate,33.16,
26-09-2026 02:00 IST,India,Silchar,2062,High,100.00,
26-09-2026 02:00 IST,India,Tiruchirappalli,70,Moderate,57.91,
26-09-2026 02:00 IST,India,Vijayawada,2064,Low,15.93,
26-09-2026 03:00 IST,India,Coimbatore,2019,High,100.00,
26-09-2026 03:00 IST,India,Demow,137,High,100.00,
26-09-2026 03:00 IST,India,Goa,132,Low,22.04,
26-09-2026 03:00 IST,India,Indore,2026,High,100.00,
26-09-2026 03:00 IST,India,Kadapa,2060,Moderate,41.41,
26-09-2026 03:00 IST,India,Madurai,2027,High,100.00,
26-09-2026 03:00 IST,India,Mangalore,59,Moderate,33.30,
26-09-2026 03:00 IST,India,Manjeri,97,Moderate,33.29,
26-09-2026 03:00 IST,India,Silchar,2062,High,100.00,
26-09-2026 03:00 IST,India,Tiruchirappalli,70,Moderate,58.21,
26-09-2026 03:00 IST,India,Vijayawada,2064,Low,16.00,
26-09-2026 03:49 IST,India,Coimbatore,2019,High,100.00,
26-09-2026 03:49 IST,India,Demow,137,High,100.00,
26-09-2026 03:49 IST,India,Goa,132,Low,22.04,
26-09-2026 03:49 IST,India,Indore,2026,High,100.00,
26-09-2026 03:49 IST,India,Kadapa,2060,Moderate,41.41,
26-09-2026 03:49 IST,India,Madurai,2027,High,100.00,
26-09-2026 03:49 IST,India,Mangalore,59,Moderate,33.30,
26-09-2026 03:49 IST,India,Manjeri,97,Moderate,33.29,
26-09-2026 03:49 IST,India,Silchar,2062,High,100.00,
26-09-2026 03:49 IST,India,Tiruchirappalli,70,Moderate,58.21,
26-09-2026 03:49 IST,India,Vijayawada,2064,Low,16.00,
26-09-2026 04:00 IST,India,Coimbatore,2019,High,100.00,
26-09-2026 04:00 IST,India,Demow,137,High,100.00,
26-09-2026 04:00 IST,India,Goa,132,Low,22.04,
26-09-2026 04:00 IST,India,Indore,2026,High,100.00,
26-09-2026 04:00 IST,India,Kadapa,2060,Moderate,41.41,
26-09-2026 04:00 IST,India,Madurai,2027,High,100.00,
26-09-2026 04:00 IST,India,Mangalore,59,Moderate,33.30,
26-09-2026 04:00 IST,India,Manjeri,97,Moderate,33.29,
26-09-2026 04:00 IST,India,Silchar,2062,High,100.00,
26-09-2026 04:00 IST,India,Tiruchirappalli,70,Moderate,58.21,
26-09-2026 04:00 IST,India,Vijayawada,2064,Low,16.00,
26-09-2026 05:00 IST,India,Coimbatore,2019,High,100.00,
26-09-2026 05:00 IST,India,Demow,137,High,100.00,
26-09-2026 05:00 IST,India,Goa,132,Low,22.04,
26-09-2026 05:00 IST,India,Indore,2026,High,100.00,
26-09-2026 05:00 IST,India,Kadapa,2060,Moderate,41.41,
26-09-2026 05:00 IST,India,Madurai,2027,High,100.00,
26-09-2026 05:00 IST,India,Mangalore,59,Moderate,33.30,
26-09-2026 05:00 IST,India,Manjeri,97,Moderate,33.29,
26-09-2026 05:00 IST,India,Silchar,2062,High,100.00,
26-09-2026 05:00 IST,India,Tiruchirappalli,70,Moderate,58.21,
26-09-2026 05:00 IST,India,Vijayawada,2064,Low,16.00,
26-09-2026 06:00 IST,India,Coimbatore,2019,High,100.00,
26-09-2026 06:00 IST,India,Demow,137,High,100.00,
26-09-2026 06:00 IST,India,Goa,132,Low,22.04,
26-09-2026 06:00 IST,India,Indore,2026,High,100.00,
26-09-2026 06:00 IST,India,Kadapa,2060,Moderate,41.41,
26-09-2026 06:00 IST,India,Madurai,2027,High,100.00,
26-09-2026 06:00 IST,India,Mangalore,59,Moderate,33.30,
26-09-2026 06:00 IST,India,Manjeri,97,Moderate,33.29,
26-09-2026 06:00 IST,India,Silchar,2062,High,100.00,
26-09-2026 06:00 IST,India,Tiruchirappalli,70,Moderate,58.21,
26-09-2026 06:00 IST,India,Vijayawada,2064,Low,16.00,
26-09-2026 07:00 IST,India,Coimbatore,2019,High,100.00,
26-09-2026 07:00 IST,India,Demow,137,High,100.00,
26-09-2026 07:00 IST,India,Goa,132,Low,22.04,
26-09-2026 07:00 IST,India,Indore,2026,High,100.00,
26-09-2026 07:00 IST,India,Kadapa,2060,Moderate,41.41,
26-09-2026 07:00 IST,India,Madurai,2027,High,100.00,
26-09-2026 07:00 IST,India,Mangalore,59,Moderate,33.30,
26-09-2026 07:00 IST,India,Manjeri,97,Moderate,33.29,
26-09-2026 07:00 IST,India,Silchar,2062,High,100.00,
26-09-2026 07:00 IST,India,Tiruchirappalli,70,Moderate,58.21,
26-09-2026 07:00 IST,India,Vijayawada,2064,Low,16.00,
26-09-2026 07:02 IST,India,Coimbatore,2019,High,100.00,
26-09-2026 07:02 IST,India,Demow,137,High,100.00,
26-09-2026 07:02 IST,India,Goa,132,Low,22.04,
26-09-2026 07:02 IST,India,Indore,2026,High,100.00,
26-09-2026 07:02 IST,India,Kadapa,2060,Moderate,41.41,
26-09-2026 07:02 IST,India,Madurai,2027,High,100.00,
26-09-2026 07:02 IST,India,Mangalore,59,Moderate,33.30,
26-09-2026 07:02 IST,India,Manjeri,97,Moderate,33.29,
26-09-2026 07:02 IST,India,Silchar,2062,High,100.00,
26-09-2026 07:02 IST,India,Tiruchirappalli,70,Moderate,58.21,
26-09-2026 07:02 IST,India,Vijayawada,2064,Low,16.00,
26-09-2026 08:00 IST,India,Coimbatore,2019,High,100.00,
26-09-2026 08:00 IST,India,Demow,137,High,100.00,
26-09-2026 08:00 IST,India,Goa,132,Low,22.04,
26-09-2026 08:00 IST,India,Indore,2026,High,100.00,
26-09-2026 08:00 IST,India,Kadapa,2060,Moderate,41.41,
26-09-2026 08:00 IST,India,Madurai,2027,High,100.00,
26-09-2026 08:00 IST,India,Mangalore,59,Moderate,33.30,
26-09-2026 08:00 IST,India,Manjeri,97,Moderate,33.29,
26-09-2026 08:00 IST,India,Silchar,2062,High,100.00,
26-09-2026 08:00 IST,India,Tiruchirappalli,70,Moderate,58.21,
26-09-2026 08:00 IST,India,Vijayawada,2064,Low,16.00,
26-09-2026 09:00 IST,India,Coimbatore,2019,High,100.00,
26-09-2026 09:00 IST,India,Demow,137,High,100.00,
26-09-2026 09:00 IST,India,Goa,132,Low,22.04,
26-09-2026 09:00 IST,India,Indore,2026,High,100.00,
26-09-2026 09:00 IST,India,Kadapa,2060,Moderate,41.41,
26-09-2026 09:00 IST,India,Madurai,2027,High,100.00,
26-09-2026 09:00 IST,India,Mangalore,59,Moderate,33.30,
26-09-2026 09:00 IST,India,Manjeri,97,Moderate,33.29,
26-09-2026 09:00 IST,India,Silchar,2062,High,100.00,
26-09-2026 09:00 IST,India,Tiruchirappalli,70,Moderate,58.21,
26-09-2026 09:00 IST,India,Vijayawada,2064,Low,16.00,
26-09-2026 10:01 IST,India,Coimbatore,2019,High,100.00,
26-09-2026 10:01 IST,India,Demow,137,High,100.00,
26-09-2026 10:01 IST,India,Goa,132,Low,22.04,
26-09-2026 10:01 IST,India,Indore,2026,High,100.00,
26-09-2026 10:01 IST,India,Kadapa,2060,Moderate,41.41,
26-09-2026 10:01 IST,India,Madurai,2027,High,100.00,
26-09-2026 10:01 IST,India,Mangalore,59,Moderate,33.30,
26-09-2026 10:01 IST,India,Manjeri,97,Moderate,33.29,
26-09-2026 10:01 IST,India,Silchar,2062,High,100.00,
26-09-2026 10:01 IST,India,Tiruchirappalli,70,Moderate,58.21,
26-09-2026 10:01 IST,India,Vijayawada,2064,Low,16.00,
26-09-2026 11:00 IST,India,Coimbatore,2019,High,100.00,
26-09-2026 11:00 IST,India,Demow,137,High,100.00,
26-09-2026 11:00 IST,India,Goa,132,Low,22.04,
26-09-2026 11:00 IST,India,Indore,2026,High,100.00,
26-09-2026 11:00 IST,India,Kadapa,2060,Moderate,41.41,
26-09-2026 11:00 IST,India,Madurai,2027,High,100.00,
26-09-2026 11:00 IST,India,Mangalore,59,Moderate,33.30,
26-09-2026 11:00 IST,India,Manjeri,97,Moderate,33.29,
26-09-2026 11:00 IST,India,Silchar,2062,High,100.00,
26-09-2026 11:00 IST,India,Tiruchirappalli,70,Moderate,58.21,
26-09-2026 11:00 IST,India,Vijayawada,2064,Low,16.00,
26-09-2026 12:00 IST,India,Coimbatore,2019,High,100.00,
26-09-2026 12:00 IST,India,Demow,137,High,100.00,
26-09-2026 12:00 IST,India,Goa,132,Low,22.04,
26-09-2026 12:00 IST,India,Indore,2026,High,100.00,
26-09-2026 12:00 IST,India,Kadapa,2060,Moderate,41.41,
26-09-2026 12:00 IST,India,Madurai,2027,High,100.00,
26-09-2026 12:00 IST,India,Mangalore,59,Moderate,33.30,
26-09-2026 12:00 IST,India,Manjeri,97,Moderate,33.29,
26-09-2026 12:00 IST,India,Silchar,2062,High,100.00,
26-09-2026 12:00 IST,India,Tiruchirappalli,70,Moderate,58.21,
26-09-2026 12:00 IST,India,Vijayawada,2064,Low,16.00,
26-09-2026 13:00 IST,India,Coimbatore,2019,High,100.00,
26-09-2026 13:00 IST,India,Demow,137,High,100.00,
26-09-2026 13:00 IST,India,Goa,132,Low,22.04,
26-09-2026 13:00 IST,India,Indore,2026,High,100.00,
26-09-2026 13:00 IST,India,Kadapa,2060,Moderate,41.41,
26-09-2026 13:00 IST,India,Madurai,2027,High,100.00,
26-09-2026 13:00 IST,India,Mangalore,59,Moderate,33.30,
26-09-2026 13:00 IST,India,Manjeri,97,Moderate,33.29,
26-09-2026 13:00 IST,India,Silchar,2062,High,100.00,
26-09-2026 13:00 IST,India,Tiruchirappalli,70,Moderate,58.21,
26-09-2026 13:00 IST,India,Vijayawada,2064,Low,16.00,
26-09-2026 13:09 IST,India,Coimbatore,2019,High,100.00,
26-09-2026 13:09 IST,India,Demow,137,High,100.00,
26-09-2026 13:09 IST,India,Goa,132,Low,22.04,
26-09-2026 13:09 IST,India,Indore,2026,High,100.00,
26-09-2026 13:09 IST,India,Kadapa,2060,Moderate,41.41,
26-09-2026 13:09 IST,India,Madurai,2027,High,100.00,
26-09-2026 13:09 IST,India,Mangalore,59,Moderate,33.30,
26-09-2026 13:09 IST,India,Manjeri,97,Moderate,33.29,
26-09-2026 13:09 IST,India,Silchar,2062,High,100.00,
26-09-2026 13:09 IST,India,Tiruchirappalli,70,Moderate,58.21,
26-09-2026 13:09 IST,India,Vijayawada,2064,Low,16.00,
26-09-2026 14:00 IST,India,Coimbatore,2019,High,100.00,
26-09-2026 14:00 IST,India,Demow,137,High,100.00,
26-09-2026 14:00 IST,India,Goa,132,Low,22.04,
26-09-2026 14:00 IST,India,Indore,2026,High,100.00,
26-09-2026 14:00 IST,India,Kadapa,2060,Moderate,41.41,
26-09-2026 14:00 IST,India,Madurai,2027,High,100.00,
26-09-2026 14:00 IST,India,Mangalore,59,Moderate,33.30,
26-09-2026 14:00 IST,India,Manjeri,97,Moderate,33.29,
26-09-2026 14:00 IST,India,Silchar,2062,High,100.00,
26-09-2026 14:00 IST,India,Tiruchirappalli,70,Moderate,58.21,
26-09-2026 14:00 IST,India,Vijayawada,2064,Low,16.00,
26-09-2026 15:00 IST,India,Coimbatore,2019,High,100.00,
26-09-2026 15:00 IST,India,Demow,137,High,100.00,
26-09-2026 15:00 IST,India,Goa,132,Low,22.26,
26-09-2026 15:00 IST,India,Indore,2026,High,100.00,
26-09-2026 15:00 IST,India,Kadapa,2060,Moderate,42.72,
26-09-2026 15:00 IST,India,Madurai,2027,High,100.00,
26-09-2026 15:00 IST,India,Mangalore,59,Moderate,33.47,
26-09-2026 15:00 IST,India,Manjeri,97,Moderate,33.51,
26-09-2026 15:00 IST,India,Silchar,2062,High,100.00,
26-09-2026 15:00 IST,India,Tiruchirappalli,70,Moderate,58.42,
26-09-2026 15:00 IST,India,Vijayawada,2064,Low,16.02,
26-09-2026 16:00 IST,India,Coimbatore,2019,High,100.00,
26-09-2026 16:00 IST,India,Demow,137,High,100.00,
26-09-2026 16:00 IST,India,Goa,132,Low,22.26,
26-09-2026 16:00 IST,India,Indore,2026,High,100.00,
26-09-2026 16:00 IST,India,Kadapa,2060,Moderate,42.72,
26-09-2026 16:00 IST,India,Madurai,2027,High,100.00,
26-09-2026 16:00 IST,India,Mangalore,59,Moderate,33.47,
26-09-2026 16:00 IST,India,Manjeri,97,Moderate,33.51,
26-09-2026 16:00 IST,India,Silchar,2062,High,100.00,
26-09-2026 16:00 IST,India,Tiruchirappalli,70,Moderate,58.42,
26-09-2026 16:00 IST,India,Vijayawada,2064,Low,16.02,
26-09-2026 17:00 IST,India,Coimbatore,2019,High,100.00,
26-09-2026 17:00 IST,India,Demow,137,High,100.00,
26-09-2026 17:00 IST,India,Goa,132,Low,22.26,
26-09-2026 17:00 IST,India,Indore,2026,High,100.00,
26-09-2026 17:00 IST,India,Kadapa,2060,Moderate,42.72,
26-09-2026 17:00 IST,India,Madurai,2027,High,100.00,
26-09-2026 17:00 IST,India,Mangalore,59,Moderate,33.47,
26-09-2026 17:00 IST,India,Manjeri,97,Moderate,33.51,
26-09-2026 17:00 IST,India,Silchar,2062,High,100.00,
26-09-2026 17:00 IST,India,Tiruchirappalli,70,Moderate,58.42,
26-09-2026 17:00 IST,India,Vijayawada,2064,Low,16.02,
26-09-2026 18:00 IST,India,Coimbatore,2019,High,100.00,
26-09-2026 18:00 IST,India,Demow,137,High,100.00,
26-09-2026 18:00 IST,India,Goa,132,Low,22.26,
26-09-2026 18:00 IST,India,Indore,2026,High,100.00,
26-09-2026 18:00 IST,India,Kadapa,2060,Moderate,42.72,
26-09-2026 18:00 IST,India,Madurai,2027,High,100.00,
26-09-2026 18:00 IST,India,Mangalore,59,Moderate,33.47,
26-09-2026 18:00 IST,India,Manjeri,97,Moderate,33.51,
26-09-2026 18:00 IST,India,Silchar,2062,High,100.00,
26-09-2026 18:00 IST,India,Tiruchirappalli,70,Moderate,58.42,
26-09-2026 18:00 IST,India,Vijayawada,2064,Low,16.02,
26-09-2026 18:34 IST,India,Coimbatore,2019,High,100.00,
26-09-2026 18:34 IST,India,Demow,137,High,100.00,
26-09-2026 18:34 IST,India,Goa,132,Low,22.26,
26-09-2026 18:34 IST,India,Indore,2026,High,100.00,
26-09-2026 18:34 IST,India,Kadapa,2060,Moderate,42.72,
26-09-2026 18:34 IST,India,Madurai,2027,High,100.00,
26-09-2026 18:34 IST,India,Mangalore,59,Moderate,33.47,
26-09-2026 18:34 IST,India,Manjeri,97,Moderate,33.51,
26-09-2026 18:34 IST,India,Silchar,2062,High,100.00,
26-09-2026 18:34 IST,India,Tiruchirappalli,70,Moderate,58.42,
26-09-2026 18:34 IST,India,Vijayawada,2064,Low,16.02,
26-09-2026 19:00 IST,India,Coimbatore,2019,High,100.00,
26-09-2026 19:00 IST,India,Demow,137,High,100.00,
26-09-2026 19:00 IST,India,Goa,132,Low,22.26,
26-09-2026 19:00 IST,India,Indore,2026,High,100.00,
26-09-2026 19:00 IST,India,Kadapa,2060,Moderate,42.72,
26-09-2026 19:00 IST,India,Madurai,2027,High,100.00,
26-09-2026 19:00 IST,India,Mangalore,59,Moderate,33.47,
26-09-2026 19:00 IST,India,Manjeri,97,Moderate,33.51,
26-09-2026 19:00 IST,India,Silchar,2062,High,100.00,
26-09-2026 19:00 IST,India,Tiruchirappalli,70,Moderate,58.42,
26-09-2026 19:00 IST,India,Vijayawada,2064,Low,16.02,
26-09-2026 20:00 IST,India,Coimbatore,2019,High,100.00,
26-09-2026 20:00 IST,India,Demow,137,High,100.00,
26-09-2026 20:00 IST,India,Goa,132,Low,22.26,
26-09-2026 20:00 IST,India,Indore,2026,High,100.00,
26-09-2026 20:00 IST,India,Kadapa,2060,Moderate,42.72,
26-09-2026 20:00 IST,India,Madurai,2027,High,100.00,
26-09-2026 20:00 IST,India,Mangalore,59,Moderate,33.47,
26-09-2026 20:00 IST,India,Manjeri,97,Moderate,33.51,
26-09-2026 20:00 IST,India,Silchar,2062,High,100.00,
26-09-2026 20:00 IST,India,Tiruchirappalli,70,Moderate,58.42,
26-09-2026 20:00 IST,India,Vijayawada,2064,Low,16.02,
26-09-2026 21:00 IST,India,Coimbatore,2019,High,100.00,
26-09-2026 21:00 IST,India,Demow,137,High,100.00,
26-09-2026 21:00 IST,India,Goa,132,Low,22.26,
26-09-2026 21:00 IST,India,Indore,2026,High,100.00,
26-09-2026 21:00 IST,India,Kadapa,2060,Moderate,42.72,
26-09-2026 21:00 IST,India,Madurai,2027,High,100.00,
26-09-2026 21:00 IST,India,Mangalore,59,Moderate,33.47,
26-09-2026 21:00 IST,India,Manjeri,97,Moderate,33.51,
26-09-2026 21:00 IST,India,Silchar,2062,High,100.00,
26-09-2026 21:00 IST,India,Tiruchirappalli,70,Moderate,58.42,
26-09-2026 21:00 IST,India,Vijayawada,2064,Low,16.02,
26-09-2026 22:00 IST,India,Coimbatore,2019,High,100.00,
26-09-2026 22:00 IST,India,Demow,137,High,100.00,
26-09-2026 22:00 IST,India,Goa,132,Low,22.26,
26-09-2026 22:00 IST,India,Indore,2026,High,100.00,
26-09-2026 22:00 IST,India,Kadapa,2060,Moderate,42.72,
26-09-2026 22:00 IST,India,Madurai,2027,High,100.00,
26-09-2026 22:00 IST,India,Mangalore,59,Moderate,33.47,
26-09-2026 22:00 IST,India,Manjeri,97,Moderate,33.51,
26-09-2026 22:00 IST,India,Silchar,2062,High,100.00,
26-09-2026 22:00 IST,India,Tiruchirappalli,70,Moderate,58.42,
26-09-2026 22:00 IST,India,Vijayawada,2064,Low,16.02,
26-09-2026 22:39 IST,India,Coimbatore,2019,High,100.00,
26-09-2026 22:39 IST,India,Demow,137,High,100.00,
26-09-2026 22:39 IST,India,Goa,132,Low,22.26,
26-09-2026 22:39 IST,India,Indore,2026,High,100.00,
26-09-2026 22:39 IST,India,Kadapa,2060,Moderate,42.72,
26-09-2026 22:39 IST,India,Madurai,2027,High,100.00,
26-09-2026 22:39 IST,India,Mangalore,59,Moderate,33.47,
26-09-2026 22:39 IST,India,Manjeri,97,Moderate,33.51,
26-09-2026 22:39 IST,India,Silchar,2062,High,100.00,
26-09-2026 22:39 IST,India,Tiruchirappalli,70,Moderate,58.42,
26-09-2026 22:39 IST,India,Vijayawada,2064,Low,16.02,
26-09-2026 23:01 IST,India,Coimbatore,2019,High,100.00,
26-09-2026 23:01 IST,India,Demow,137,High,100.00,
26-09-2026 23:01 IST,India,Goa,132,Low,22.26,
26-09-2026 23:01 IST,India,Indore,2026,High,100.00,
26-09-2026 23:01 IST,India,Kadapa,2060,Moderate,42.72,
26-09-2026 23:01 IST,India,Madurai,2027,High,100.00,
26-09-2026 23:01 IST,India,Mangalore,59,Moderate,33.47,
26-09-2026 23:01 IST,India,Manjeri,97,Moderate,33.51,
26-09-2026 23:01 IST,India,Silchar,2062,High,100.00,
26-09-2026 23:01 IST,India,Tiruchirappalli,70,Moderate,58.42,
26-09-2026 23:01 IST,India,Vijayawada,2064,Low,16.02,
27-09-2026 00:00 IST,India,Coimbatore,2019,High,100.00,
27-09-2026 00:00 IST,India,Demow,137,High,100.00,
27-09-2026 00:00 IST,India,Goa,132,Low,22.26,
27-09-2026 00:00 IST,India,Indore,2026,High,100.00,
27-09-2026 00:00 IST,India,Kadapa,2060,Moderate,42.72,
27-09-2026 00:00 IST,India,Madurai,2027,High,100.00,
27-09-2026 00:00 IST,India,Mangalore,59,Moderate,33.47,
27-09-2026 00:00 IST,India,Manjeri,97,Moderate,33.51,
27-09-2026 00:00 IST,India,Silchar,2062,High,100.00,
27-09-2026 00:00 IST,India,Tiruchirappalli,70,Moderate,58.42,
27-09-2026 00:00 IST,India,Vijayawada,2064,Low,16.02,
27-09-2026 01:00 IST,India,Coimbatore,2019,High,100.00,
27-09-2026 01:00 IST,India,Demow,137,High,100.00,
27-09-2026 01:00 IST,India,Goa,132,Low,22.26,
27-09-2026 01:00 IST,India,Indore,2026,High,100.00,
27-09-2026 01:00 IST,India,Kadapa,2060,Moderate,42.72,
27-09-2026 01:00 IST,India,Madurai,2027,High,100.00,
27-09-2026 01:00 IST,India,Mangalore,59,Moderate,33.47,
27-09-2026 01:00 IST,India,Manjeri,97,Moderate,33.51,
27-09-2026 01:00 IST,India,Silchar,2062,High,100.00,
27-09-2026 01:00 IST,India,Tiruchirappalli,70,Moderate,58.42,
27-09-2026 01:00 IST,India,Vijayawada,2064,Low,16.02,
27-09-2026 01:21 IST,India,Coimbatore,2019,High,100.00,
27-09-2026 01:21 IST,India,Demow,137,High,100.00,
27-09-2026 01:21 IST,India,Goa,132,Low,22.26,
27-09-2026 01:21 IST,India,Indore,2026,High,100.00,
27-09-2026 01:21 IST,India,Kadapa,2060,Moderate,42.72,
27-09-2026 01:21 IST,India,Madurai,2027,High,100.00,
27-09-2026 01:21 IST,India,Mangalore,59,Moderate,33.47,
27-09-2026 01:21 IST,India,Manjeri,97,Moderate,33.51,
27-09-2026 01:21 IST,India,Silchar,2062,High,100.00,
27-09-2026 01:21 IST,India,Tiruchirappalli,70,Moderate,58.42,
27-09-2026 01:21 IST,India,Vijayawada,2064,Low,16.02,
27-09-2026 02:00 IST,India,Coimbatore,2019,High,100.00,
27-09-2026 02:00 IST,India,Demow,137,High,100.00,
27-09-2026 02:00 IST,India,Goa,132,Low,22.26,
27-09-2026 02:00 IST,India,Indore,2026,High,100.00,
27-09-2026 02:00 IST,India,Kadapa,2060,Moderate,42.72,
27-09-2026 02:00 IST,India,Madurai,2027,High,100.00,
27-09-2026 02:00 IST,India,Mangalore,59,Moderate,33.47,
27-09-2026 02:00 IST,India,Manjeri,97,Moderate,33.51,
27-09-2026 02:00 IST,India,Silchar,2062,High,100.00,
27-09-2026 02:00 IST,India,Tiruchirappalli,70,Moderate,58.42,
27-09-2026 02:00 IST,India,Vijayawada,2064,Low,16.02,
27-09-2026 03:00 IST,India,Coimbatore,2019,High,100.00,
27-09-2026 03:00 IST,India,Demow,137,High,100.00,
27-09-2026 03:00 IST,India,Goa,132,Low,22.44,
27-09-2026 03:00 IST,India,Indore,2026,High,100.00,
27-09-2026 03:00 IST,India,Kadapa,2060,Moderate,43.59,
27-09-2026 03:00 IST,India,Madurai,2027,High,100.00,
27-09-2026 03:00 IST,India,Mangalore,59,Moderate,33.61,
27-09-2026 03:00 IST,India,Manjeri,97,Moderate,33.61,
27-09-2026 03:00 IST,India,Silchar,2062,High,100.00,
27-09-2026 03:00 IST,India,Tiruchirappalli,70,Moderate,58.56,
27-09-2026 03:00 IST,India,Vijayawada,2064,Low,16.08,
27-09-2026 04:00 IST,India,Coimbatore,2019,High,100.00,
27-09-2026 04:00 IST,India,Demow,137,High,100.00,
27-09-2026 04:00 IST,India,Goa,132,Low,22.44,
27-09-2026 04:00 IST,India,Indore,2026,High,100.00,
27-09-2026 04:00 IST,India,Kadapa,2060,Moderate,43.59,
27-09-2026 04:00 IST,India,Madurai,2027,High,100.00,
27-09-2026 04:00 IST,India,Mangalore,59,Moderate,33.61,
27-09-2026 04:00 IST,India,Manjeri,97,Moderate,33.61,
27-09-2026 04:00 IST,India,Silchar,2062,High,100.00,
27-09-2026 04:00 IST,India,Tiruchirappalli,70,Moderate,58.56,
27-09-2026 04:00 IST,India,Vijayawada,2064,Low,16.08,
27-09-2026 04:19 IST,India,Coimbatore,2019,High,100.00,
27-09-2026 04:19 IST,India,Demow,137,High,100.00,
27-09-2026 04:19 IST,India,Goa,132,Low,22.44,
27-09-2026 04:19 IST,India,Indore,2026,High,100.00,
27-09-2026 04:19 IST,India,Kadapa,2060,Moderate,43.59,
27-09-2026 04:19 IST,India,Madurai,2027,High,100.00,
27-09-2026 04:19 IST,India,Mangalore,59,Moderate,33.61,
27-09-2026 04:19 IST,India,Manjeri,97,Moderate,33.61,
27-09-2026 04:19 IST,India,Silchar,2062,High,100.00,
27-09-2026 04:19 IST,India,Tiruchirappalli,70,Moderate,58.56,
27-09-2026 04:19 IST,India,Vijayawada,2064,Low,16.08,
27-09-2026 05:00 IST,India,Coimbatore,2019,High,100.00,
27-09-2026 05:00 IST,India,Demow,137,High,100.00,
27-09-2026 05:00 IST,India,Goa,132,Low,22.44,
27-09-2026 05:00 IST,India,Indore,2026,High,100.00,
27-09-2026 05:00 IST,India,Kadapa,2060,Moderate,43.59,
27-09-2026 05:00 IST,India,Madurai,2027,High,100.00,
27-09-2026 05:00 IST,India,Mangalore,59,Moderate,33.61,
27-09-2026 05:00 IST,India,Manjeri,97,Moderate,33.61,
27-09-2026 05:00 IST,India,Silchar,2062,High,100.00,
27-09-2026 05:00 IST,India,Tiruchirappalli,70,Moderate,58.56,
27-09-2026 05:00 IST,India,Vijayawada,2064,Low,16.08,
27-09-2026 06:00 IST,India,Coimbatore,2019,High,100.00,
27-09-2026 06:00 IST,India,Demow,137,High,100.00,
27-09-2026 06:00 IST,India,Goa,132,Low,22.44,
27-09-2026 06:00 IST,India,Indore,2026,High,100.00,
27-09-2026 06:00 IST,India,Kadapa,2060,Moderate,43.59,
27-09-2026 06:00 IST,India,Madurai,2027,High,100.00,
27-09-2026 06:00 IST,India,Mangalore,59,Moderate,33.61,
27-09-2026 06:00 IST,India,Manjeri,97,Moderate,33.61,
27-09-2026 06:00 IST,India,Silchar,2062,High,100.00,
27-09-2026 06:00 IST,India,Tiruchirappalli,70,Moderate,58.56,
27-09-2026 06:00 IST,India,Vijayawada,2064,Low,16.08,
27-09-2026 06:56 IST,India,Coimbatore,2019,High,100.00,
27-09-2026 06:56 IST,India,Demow,137,High,100.00,
27-09-2026 06:56 IST,India,Goa,132,Low,22.44,
27-09-2026 06:56 IST,India,Indore,2026,High,100.00,
27-09-2026 06:56 IST,India,Kadapa,2060,Moderate,43.59,
27-09-2026 06:56 IST,India,Madurai,2027,High,100.00,
27-09-2026 06:56 IST,India,Mangalore,59,Moderate,33.61,
27-09-2026 06:56 IST,India,Manjeri,97,Moderate,33.61,
27-09-2026 06:56 IST,India,Silchar,2062,High,100.00,
27-09-2026 06:56 IST,India,Tiruchirappalli,70,Moderate,58.56,
27-09-2026 06:56 IST,India,Vijayawada,2064,Low,16.08,
27-09-2026 07:00 IST,India,Coimbatore,2019,High,100.00,
27-09-2026 07:00 IST,India,Demow,137,High,100.00,
27-09-2026 07:00 IST,India,Goa,132,Low,22.44,
27-09-2026 07:00 IST,India,Indore,2026,High,100.00,
27-09-2026 07:00 IST,India,Kadapa,2060,Moderate,43.59,
27-09-2026 07:00 IST,India,Madurai,2027,High,100.00,
27-09-2026 07:00 IST,India,Mangalore,59,Moderate,33.61,
27-09-2026 07:00 IST,India,Manjeri,97,Moderate,33.61,
27-09-2026 07:00 IST,India,Silchar,2062,High,100.00,
27-09-2026 07:00 IST,India,Tiruchirappalli,70,Moderate,58.56,
27-09-2026 07:00 IST,India,Vijayawada,2064,Low,16.08,
27-09-2026 08:00 IST,India,Coimbatore,2019,High,100.00,
27-09-2026 08:00 IST,India,Demow,137,High,100.00,
27-09-2026 08:00 IST,India,Goa,132,Low,22.44,
27-09-2026 08:00 IST,India,Indore,2026,High,100.00,
27-09-2026 08:00 IST,India,Kadapa,2060,Moderate,43.59,
27-09-2026 08:00 IST,India,Madurai,2027,High,100.00,
27-09-2026 08:00 IST,India,Mangalore,59,Moderate,33.61,
27-09-2026 08:00 IST,India,Manjeri,97,Moderate,33.61,
27-09-2026 08:00 IST,India,Silchar,2062,High,100.00,
27-09-2026 08:00 IST,India,Tiruchirappalli,70,Moderate,58.56,
27-09-2026 08:00 IST,India,Vijayawada,2064,Low,16.08,
27-09-2026 09:00 IST,India,Coimbatore,2019,High,100.00,
27-09-2026 09:00 IST,India,Demow,137,High,100.00,
27-09-2026 09:00 IST,India,Goa,132,Low,22.44,
27-09-2026 09:00 IST,India,Indore,2026,High,100.00,
27-09-2026 09:00 IST,India,Kadapa,2060,Moderate,43.59,
27-09-2026 09:00 IST,India,Madurai,2027,High,100.00,
27-09-2026 09:00 IST,India,Mangalore,59,Moderate,33.61,
27-09-2026 09:00 IST,India,Manjeri,97,Moderate,33.61,
27-09-2026 09:00 IST,India,Silchar,2062,High,100.00,
27-09-2026 09:00 IST,India,Tiruchirappalli,70,Moderate,58.56,
27-09-2026 09:00 IST,India,Vijayawada,2064,Low,16.08,
27-09-2026 10:00 IST,India,Coimbatore,2019,High,100.00,
27-09-2026 10:00 IST,India,Demow,137,High,100.00,
27-09-2026 10:00 IST,India,Goa,132,Low,22.44,
27-09-2026 10:00 IST,India,Indore,2026,High,100.00,
27-09-2026 10:00 IST,India,Kadapa,2060,Moderate,43.59,
27-09-2026 10:00 IST,India,Madurai,2027,High,100.00,
27-09-2026 10:00 IST,India,Mangalore,59,Moderate,33.61,
27-09-2026 10:00 IST,India,Manjeri,97,Moderate,33.61,
27-09-2026 10:00 IST,India,Silchar,2062,High,100.00,
27-09-2026 10:00 IST,India,Tiruchirappalli,70,Moderate,58.56,
27-09-2026 10:00 IST,India,Vijayawada,2064,Low,16.08,
27-09-2026 11:00 IST,India,Coimbatore,2019,High,100.00,
27-09-2026 11:00 IST,India,Demow,137,High,100.00,
27-09-2026 11:00 IST,India,Goa,132,Low,22.44,
27-09-2026 11:00 IST,India,Indore,2026,High,100.00,
27-09-2026 11:00 IST,India,Kadapa,2060,Moderate,43.59,
27-09-2026 11:00 IST,India,Madurai,2027,High,100.00,
27-09-2026 11:00 IST,India,Mangalore,59,Moderate,33.61,
27-09-2026 11:00 IST,India,Manjeri,97,Moderate,33.61,
27-09-2026 11:00 IST,India,Silchar,2062,High,100.00,
27-09-2026 11:00 IST,India,Tiruchirappalli,70,Moderate,58.56,
27-09-2026 11:00 IST,India,Vijayawada,2064,Low,16.08,
27-09-2026 12:01 IST,India,Coimbatore,2019,High,100.00,
27-09-2026 12:01 IST,India,Demow,137,High,100.00,
27-09-2026 12:01 IST,India,Goa,132,Low,22.44,
27-09-2026 12:01 IST,India,Indore,2026,High,100.00,
27-09-2026 12:01 IST,India,Kadapa,2060,Moderate,43.59,
27-09-2026 12:01 IST,India,Madurai,2027,High,100.00,
27-09-2026 12:01 IST,India,Mangalore,59,Moderate,33.61,
27-09-2026 12:01 IST,India,Manjeri,97,Moderate,33.61,
27-09-2026 12:01 IST,India,Silchar,2062,High,100.00,
27-09-2026 12:01 IST,India,Tiruchirappalli,70,Moderate,58.56,
27-09-2026 12:01 IST,India,Vijayawada,2064,Low,16.08,
27-09-2026 13:00 IST,India,Coimbatore,2019,High,100.00,
27-09-2026 13:00 IST,India,Demow,137,High,100.00,
27-09-2026 13:00 IST,India,Goa,132,Low,22.44,
27-09-2026 13:00 IST,India,Indore,2026,High,100.00,
27-09-2026 13:00 IST,India,Kadapa,2060,Moderate,43.59,
27-09-2026 13:00 IST,India,Madurai,2027,High,100.00,
27-09-2026 13:00 IST,India,Mangalore,59,Moderate,33.61,
27-09-2026 13:00 IST,India,Manjeri,97,Moderate,33.61,
27-09-2026 13:00 IST,India,Silchar,2062,High,100.00,
27-09-2026 13:00 IST,India,Tiruchirappalli,70,Moderate,58.56,
27-09-2026 13:00 IST,India,Vijayawada,2064,Low,16.08,
27-09-2026 13:38 IST,India,Coimbatore,2019,High,100.00,
27-09-2026 13:38 IST,India,Demow,137,High,100.00,
27-09-2026 13:38 IST,India,Goa,132,Low,22.44,
27-09-2026 13:38 IST,India,Indore,2026,High,100.00,
27-09-2026 13:38 IST,India,Kadapa,2060,Moderate,43.59,
27-09-2026 13:38 IST,India,Madurai,2027,High,100.00,
27-09-2026 13:38 IST,India,Mangalore,59,Moderate,33.61,
27-09-2026 13:38 IST,India,Manjeri,97,Moderate,33.61,
27-09-2026 13:38 IST,India,Silchar,2062,High,100.00,
27-09-2026 13:38 IST,India,Tiruchirappalli,70,Moderate,58.56,
27-09-2026 13:38 IST,India,Vijayawada,2064,Low,16.08,
27-09-2026 14:00 IST,India,Coimbatore,2019,High,100.00,
27-09-2026 14:00 IST,India,Demow,137,High,100.00,
27-09-2026 14:00 IST,India,Goa,132,Low,22.44,
27-09-2026 14:00 IST,India,Indore,2026,High,100.00,
27-09-2026 14:00 IST,India,Kadapa,2060,Moderate,43.59,
27-09-2026 14:00 IST,India,Madurai,2027,High,100.00,
27-09-2026 14:00 IST,India,Mangalore,59,Moderate,33.61,
27-09-2026 14:00 IST,India,Manjeri,97,Moderate,33.61,
27-09-2026 14:00 IST,India,Silchar,2062,High,100.00,
27-09-2026 14:00 IST,India,Tiruchirappalli,70,Moderate,58.56,
27-09-2026 14:00 IST,India,Vijayawada,2064,Low,16.08,
27-09-2026 15:00 IST,India,Coimbatore,2019,High,100.00,
27-09-2026 15:00 IST,India,Demow,137,High,100.00,
27-09-2026 15:00 IST,India,Goa,132,Low,22.26,
27-09-2026 15:00 IST,India,Indore,2026,High,100.00,
27-09-2026 15:00 IST,India,Kadapa,2060,Moderate,43.59,
27-09-2026 15:00 IST,India,Madurai,2027,High,100.00,
27-09-2026 15:00 IST,India,Mangalore,59,Moderate,32.96,
27-09-2026 15:00 IST,India,Manjeri,97,Moderate,33.15,
27-09-2026 15:00 IST,India,Silchar,2062,High,100.00,
27-09-2026 15:00 IST,India,Tiruchirappalli,70,Moderate,57.79,
27-09-2026 15:00 IST,India,Vijayawada,2064,Low,16.08,
27-09-2026 16:00 IST,India,Coimbatore,2019,High,100.00,
27-09-2026 16:00 IST,India,Demow,137,High,100.00,
27-09-2026 16:00 IST,India,Goa,132,Low,22.26,
27-09-2026 16:00 IST,India,Indore,2026,High,100.00,
27-09-2026 16:00 IST,India,Kadapa,2060,Moderate,43.59,
27-09-2026 16:00 IST,India,Madurai,2027,High,100.00,
27-09-2026 16:00 IST,India,Mangalore,59,Moderate,32.96,
27-09-2026 16:00 IST,India,Manjeri,97,Moderate,33.15,
27-09-2026 16:00 IST,India,Silchar,2062,High,100.00,
27-09-2026 16:00 IST,India,Tiruchirappalli,70,Moderate,57.79,
27-09-2026 16:00 IST,India,Vijayawada,2064,Low,16.08,
27-09-2026 17:01 IST,India,Coimbatore,2019,High,100.00,
27-09-2026 17:01 IST,India,Demow,137,High,100.00,
27-09-2026 17:01 IST,India,Goa,132,Low,22.26,
27-09-2026 17:01 IST,India,Indore,2026,High,100.00,
27-09-2026 17:01 IST,India,Kadapa,2060,Moderate,43.59,
27-09-2026 17:01 IST,India,Madurai,2027,High,100.00,
27-09-2026 17:01 IST,India,Mangalore,59,Moderate,32.96,
27-09-2026 17:01 IST,India,Manjeri,97,Moderate,33.15,
27-09-2026 17:01 IST,India,Silchar,2062,High,100.00,
27-09-2026 17:01 IST,India,Tiruchirappalli,70,Moderate,57.79,
27-09-2026 17:01 IST,India,Vijayawada,2064,Low,16.08,
27-09-2026 18:00 IST,India,Coimbatore,2019,High,100.00,
27-09-2026 18:00 IST,India,Demow,137,High,100.00,
27-09-2026 18:00 IST,India,Goa,132,Low,22.26,
27-09-2026 18:00 IST,India,Indore,2026,High,100.00,
27-09-2026 18:00 IST,India,Kadapa,2060,Moderate,43.59,
27-09-2026 18:00 IST,India,Madurai,2027,High,100.00,
27-09-2026 18:00 IST,India,Mangalore,59,Moderate,32.96,
27-09-2026 18:00 IST,India,Manjeri,97,Moderate,33.15,
27-09-2026 18:00 IST,India,Silchar,2062,High,100.00,
27-09-2026 18:00 IST,India,Tiruchirappalli,70,Moderate,57.79,
27-09-2026 18:00 IST,India,Vijayawada,2064,Low,16.08,
27-09-2026 19:00 IST,India,Coimbatore,2019,High,100.00,
27-09-2026 19:00 IST,India,Demow,137,High,100.00,
27-09-2026 19:00 IST,India,Goa,132,Low,22.26,
27-09-2026 19:00 IST,India,Indore,2026,High,100.00,
27-09-2026 19:00 IST,India,Kadapa,2060,Moderate,43.59,
27-09-2026 19:00 IST,India,Madurai,2027,High,100.00,
27-09-2026 19:00 IST,India,Mangalore,59,Moderate,32.96,
27-09-2026 19:00 IST,India,Manjeri,97,Moderate,33.15,
27-09-2026 19:00 IST,India,Silchar,2062,High,100.00,
27-09-2026 19:00 IST,India,Tiruchirappalli,70,Moderate,57.79,
27-09-2026 19:00 IST,India,Vijayawada,2064,Low,16.08,
27-09-2026 19:27 IST,India,Coimbatore,2019,High,100.00,
27-09-2026 19:27 IST,India,Demow,137,High,100.00,
27-09-2026 19:27 IST,India,Goa,132,Low,22.26,
27-09-2026 19:27 IST,India,Indore,2026,High,100.00,
27-09-2026 19:27 IST,India,Kadapa,2060,Moderate,43.59,
27-09-2026 19:27 IST,India,Madurai,2027,High,100.00,
27-09-2026 19:27 IST,India,Mangalore,59,Moderate,32.96,
27-09-2026 19:27 IST,India,Manjeri,97,Moderate,33.15,
27-09-2026 19:27 IST,India,Silchar,2062,High,100.00,
27-09-2026 19:27 IST,India,Tiruchirappalli,70,Moderate,57.79,
27-09-2026 19:27 IST,India,Vijayawada,2064,Low,16.08,
27-09-2026 20:00 IST,India,Coimbatore,2019,High,100.00,
27-09-2026 20:00 IST,India,Demow,137,High,100.00,
27-09-2026 20:00 IST,India,Goa,132,Low,22.26,
27-09-2026 20:00 IST,India,Indore,2026,High,100.00,
27-09-2026 20:00 IST,India,Kadapa,2060,Moderate,43.59,
27-09-2026 20:00 IST,India,Madurai,2027,High,100.00,
27-09-2026 20:00 IST,India,Mangalore,59,Moderate,32.96,
27-09-2026 20:00 IST,India,Manjeri,97,Moderate,33.15,
27-09-2026 20:00 IST,India,Silchar,2062,High,100.00,
27-09-2026 20:00 IST,India,Tiruchirappalli,70,Moderate,57.79,
27-09-2026 20:00 IST,India,Vijayawada,2064,Low,16.08,
27-09-2026 21:00 IST,India,Coimbatore,2019,High,100.00,
27-09-2026 21:00 IST,India,Demow,137,High,100.00,
27-09-2026 21:00 IST,India,Goa,132,Low,22.26,
27-09-2026 21:00 IST,India,Indore,2026,High,100.00,
27-09-2026 21:00 IST,India,Kadapa,2060,Moderate,43.59,
27-09-2026 21:00 IST,India,Madurai,2027,High,100.00,
27-09-2026 21:00 IST,India,Mangalore,59,Moderate,32.96,
27-09-2026 21:00 IST,India,Manjeri,97,Moderate,33.15,
27-09-2026 21:00 IST,India,Silchar,2062,High,100.00,
27-09-2026 21:00 IST,India,Tiruchirappalli,70,Moderate,57.79,
27-09-2026 21:00 IST,India,Vijayawada,2064,Low,16.08,
27-09-2026 22:00 IST,India,Coimbatore,2019,High,100.00,
27-09-2026 22:00 IST,India,Demow,137,High,100.00,
27-09-2026 22:00 IST,India,Goa,132,Low,22.26,
27-09-2026 22:00 IST,India,Indore,2026,High,100.00,
27-09-2026 22:00 IST,India,Kadapa,2060,Moderate,43.59,
27-09-2026 22:00 IST,India,Madurai,2027,High,100.00,
27-09-2026 22:00 IST,India,Mangalore,59,Moderate,32.96,
27-09-2026 22:00 IST,India,Manjeri,97,Moderate,33.15,
27-09-2026 22:00 IST,India,Silchar,2062,High,100.00,
27-09-2026 22:00 IST,India,Tiruchirappalli,70,Moderate,57.79,
27-09-2026 22:00 IST,India,Vijayawada,2064,Low,16.08,
27-09-2026 23:00 IST,India,Coimbatore,2019,High,100.00,
27-09-2026 23:00 IST,India,Demow,137,High,100.00,
27-09-2026 23:00 IST,India,Goa,132,Low,22.26,
27-09-2026 23:00 IST,India,Indore,2026,High,100.00,
27-09-2026 23:00 IST,India,Kadapa,2060,Moderate,43.59,
27-09-2026 23:00 IST,India,Madurai,2027,High,100.00,
27-09-2026 23:00 IST,India,Mangalore,59,Moderate,32.96,
27-09-2026 23:00 IST,India,Manjeri,97,Moderate,33.15,
27-09-2026 23:00 IST,India,Silchar,2062,High,100.00,
27-09-2026 23:00 IST,India,Tiruchirappalli,70,Moderate,57.79,
27-09-2026 23:00 IST,India,Vijayawada,2064,Low,16.08,
27-09-2026 23:52 IST,India,Coimbatore,2019,High,100.00,
27-09-2026 23:52 IST,India,Demow,137,High,100.00,
27-09-2026 23:52 IST,India,Goa,132,Low,22.26,
27-09-2026 23:52 IST,India,Indore,2026,High,100.00,
27-09-2026 23:52 IST,India,Kadapa,2060,Moderate,43.59,
27-09-2026 23:52 IST,India,Madurai,2027,High,100.00,
27-09-2026 23:52 IST,India,Mangalore,59,Moderate,32.96,
27-09-2026 23:52 IST,India,Manjeri,97,Moderate,33.15,
27-09-2026 23:52 IST,India,Silchar,2062,High,100.00,
27-09-2026 23:52 IST,India,Tiruchirappalli,70,Moderate,57.79,
27-09-2026 23:52 IST,India,Vijayawada,2064,Low,16.08,
28-09-2026 00:00 IST,India,Coimbatore,2019,High,100.00,
28-09-2026 00:00 IST,India,Demow,137,High,100.00,
28-09-2026 00:00 IST,India,Goa,132,Low,22.26,
28-09-2026 00:00 IST,India,Indore,2026,High,100.00,
28-09-2026 00:00 IST,India,Kadapa,2060,Moderate,43.59,
28-09-2026 00:00 IST,India,Madurai,2027,High,100.00,
28-09-2026 00:00 IST,India,Mangalore,59,Moderate,32.96,
28-09-2026 00:00 IST,India,Manjeri,97,Moderate,33.15,
28-09-2026 00:00 IST,India,Silchar,2062,High,100.00,
28-09-2026 00:00 IST,India,Tiruchirappalli,70,Moderate,57.79,
28-09-2026 00:00 IST,India,Vijayawada,2064,Low,16.08,
28-09-2026 01:00 IST,India,Coimbatore,2019,High,100.00,
28-09-2026 01:00 IST,India,Demow,137,High,100.00,
28-09-2026 01:00 IST,India,Goa,132,Low,22.26,
28-09-2026 01:00 IST,India,Indore,2026,High,100.00,
28-09-2026 01:00 IST,India,Kadapa,2060,Moderate,43.59,
28-09-2026 01:00 IST,India,Madurai,2027,High,100.00,
28-09-2026 01:00 IST,India,Mangalore,59,Moderate,32.96,
28-09-2026 01:00 IST,India,Manjeri,97,Moderate,33.15,
28-09-2026 01:00 IST,India,Silchar,2062,High,100.00,
28-09-2026 01:00 IST,India,Tiruchirappalli,70,Moderate,57.79,
28-09-2026 01:00 IST,India,Vijayawada,2064,Low,16.08,
28-09-2026 02:00 IST,India,Coimbatore,2019,High,100.00,
28-09-2026 02:00 IST,India,Demow,137,High,100.00,
28-09-2026 02:00 IST,India,Goa,132,Low,22.26,
28-09-2026 02:00 IST,India,Indore,2026,High,100.00,
28-09-2026 02:00 IST,India,Kadapa,2060,Moderate,43.59,
28-09-2026 02:00 IST,India,Madurai,2027,High,100.00,
28-09-2026 02:00 IST,India,Mangalore,59,Moderate,32.96,
28-09-2026 02:00 IST,India,Manjeri,97,Moderate,33.15,
28-09-2026 02:00 IST,India,Silchar,2062,High,100.00,
28-09-2026 02:00 IST,India,Tiruchirappalli,70,Moderate,57.79,
28-09-2026 02:00 IST,India,Vijayawada,2064,Low,16.08,
28-09-2026 03:00 IST,India,Coimbatore,2019,High,100.00,
28-09-2026 03:00 IST,India,Demow,137,High,100.00,
28-09-2026 03:00 IST,India,Goa,132,Low,22.29,
28-09-2026 03:00 IST,India,Indore,2026,High,100.00,
28-09-2026 03:00 IST,India,Kadapa,2060,Moderate,43.59,
28-09-2026 03:00 IST,India,Madurai,2027,High,100.00,
28-09-2026 03:00 IST,India,Mangalore,59,Moderate,33.96,
28-09-2026 03:00 IST,India,Manjeri,97,Moderate,33.15,
28-09-2026 03:00 IST,India,Silchar,2062,High,100.00,
28-09-2026 03:00 IST,India,Tiruchirappalli,70,Moderate,57.79,
28-09-2026 03:00 IST,India,Vijayawada,2064,Low,17.08,
28-09-2026 03:39 IST,India,Coimbatore,2019,High,100.00,
28-09-2026 03:39 IST,India,Demow,137,High,100.00,
28-09-2026 03:39 IST,India,Goa,132,Low,22.29,
28-09-2026 03:39 IST,India,Indore,2026,High,100.00,
28-09-2026 03:39 IST,India,Kadapa,2060,Moderate,43.59,
28-09-2026 03:39 IST,India,Madurai,2027,High,100.00,
28-09-2026 03:39 IST,India,Mangalore,59,Moderate,33.96,
28-09-2026 03:39 IST,India,Manjeri,97,Moderate,33.15,
28-09-2026 03:39 IST,India,Silchar,2062,High,100.00,
28-09-2026 03:39 IST,India,Tiruchirappalli,70,Moderate,57.79,
28-09-2026 03:39 IST,India,Vijayawada,2064,Low,17.08,
28-09-2026 04:00 IST,India,Coimbatore,2019,High,100.00,
28-09-2026 04:00 IST,India,Demow,137,High,100.00,
28-09-2026 04:00 IST,India,Goa,132,Low,22.29,
28-09-2026 04:00 IST,India,Indore,2026,High,100.00,
28-09-2026 04:00 IST,India,Kadapa,2060,Moderate,43.59,
28-09-2026 04:00 IST,India,Madurai,2027,High,100.00,
28-09-2026 04:00 IST,India,Mangalore,59,Moderate,33.96,
28-09-2026 04:00 IST,India,Manjeri,97,Moderate,33.15,
28-09-2026 04:00 IST,India,Silchar,2062,High,100.00,
28-09-2026 04:00 IST,India,Tiruchirappalli,70,Moderate,57.79,
28-09-2026 04:00 IST,India,Vijayawada,2064,Low,17.08,
28-09-2026 05:00 IST,India,Coimbatore,2019,High,100.00,
28-09-2026 05:00 IST,India,Demow,137,High,100.00,
28-09-2026 05:00 IST,India,Goa,132,Low,22.29,
28-09-2026 05:00 IST,India,Indore,2026,High,100.00,
28-09-2026 05:00 IST,India,Kadapa,2060,Moderate,43.59,
28-09-2026 05:00 IST,India,Madurai,2027,High,100.00,
28-09-2026 05:00 IST,India,Mangalore,59,Moderate,33.96,
28-09-2026 05:00 IST,India,Manjeri,97,Moderate,33.15,
28-09-2026 05:00 IST,India,Silchar,2062,High,100.00,
28-09-2026 05:00 IST,India,Tiruchirappalli,70,Moderate,57.79,
28-09-2026 05:00 IST,India,Vijayawada,2064,Low,17.08,
28-09-2026 06:00 IST,India,Coimbatore,2019,High,100.00,
28-09-2026 06:00 IST,India,Demow,137,High,100.00,
28-09-2026 06:00 IST,India,Goa,132,Low,22.29,
28-09-2026 06:00 IST,India,Indore,2026,High,100.00,
28-09-2026 06:00 IST,India,Kadapa,2060,Moderate,43.59,
28-09-2026 06:00 IST,India,Madurai,2027,High,100.00,
28-09-2026 06:00 IST,India,Mangalore,59,Moderate,33.96,
28-09-2026 06:00 IST,India,Manjeri,97,Moderate,33.15,
28-09-2026 06:00 IST,India,Silchar,2062,High,100.00,
28-09-2026 06:00 IST,India,Tiruchirappalli,70,Moderate,57.79,
28-09-2026 06:00 IST,India,Vijayawada,2064,Low,17.08,
28-09-2026 06:14 IST,India,Coimbatore,2019,High,100.00,
28-09-2026 06:14 IST,India,Demow,137,High,100.00,
28-09-2026 06:14 IST,India,Goa,132,Low,22.29,
28-09-2026 06:14 IST,India,Indore,2026,High,100.00,
28-09-2026 06:14 IST,India,Kadapa,2060,Moderate,43.59,
28-09-2026 06:14 IST,India,Madurai,2027,High,100.00,
28-09-2026 06:14 IST,India,Mangalore,59,Moderate,33.96,
28-09-2026 06:14 IST,India,Manjeri,97,Moderate,33.15,
28-09-2026 06:14 IST,India,Silchar,2062,High,100.00,
28-09-2026 06:14 IST,India,Tiruchirappalli,70,Moderate,57.79,
28-09-2026 06:14 IST,India,Vijayawada,2064,Low,17.08,
28-09-2026 07:00 IST,India,Coimbatore,2019,High,100.00,
28-09-2026 07:00 IST,India,Demow,137,High,100.00,
28-09-2026 07:00 IST,India,Goa,132,Low,22.29,
28-09-2026 07:00 IST,India,Indore,2026,High,100.00,
28-09-2026 07:00 IST,India,Kadapa,2060,Moderate,43.59,
28-09-2026 07:00 IST,India,Madurai,2027,High,100.00,
28-09-2026 07:00 IST,India,Mangalore,59,Moderate,33.96,
28-09-2026 07:00 IST,India,Manjeri,97,Moderate,33.15,
28-09-2026 07:00 IST,India,Silchar,2062,High,100.00,
28-09-2026 07:00 IST,India,Tiruchirappalli,70,Moderate,57.79,
28-09-2026 07:00 IST,India,Vijayawada,2064,Low,17.08,
28-09-2026 08:00 IST,India,Coimbatore,2019,High,100.00,
28-09-2026 08:00 IST,India,Demow,137,High,100.00,
28-09-2026 08:00 IST,India,Goa,132,Low,22.29,
28-09-2026 08:00 IST,India,Indore,2026,High,100.00,
28-09-2026 08:00 IST,India,Kadapa,2060,Moderate,43.59,
28-09-2026 08:00 IST,India,Madurai,2027,High,100.00,
28-09-2026 08:00 IST,India,Mangalore,59,Moderate,33.96,
28-09-2026 08:00 IST,India,Manjeri,97,Moderate,33.15,
28-09-2026 08:00 IST,India,Silchar,2062,High,100.00,
28-09-2026 08:00 IST,India,Tiruchirappalli,70,Moderate,57.79,
28-09-2026 08:00 IST,India,Vijayawada,2064,Low,17.08,
28-09-2026 09:00 IST,India,Coimbatore,2019,High,100.00,
28-09-2026 09:00 IST,India,Demow,137,High,100.00,
28-09-2026 09:00 IST,India,Goa,132,Low,22.29,
28-09-2026 09:00 IST,India,Indore,2026,High,100.00,
28-09-2026 09:00 IST,India,Kadapa,2060,Moderate,43.59,
28-09-2026 09:00 IST,India,Madurai,2027,High,100.00,
28-09-2026 09:00 IST,India,Mangalore,59,Moderate,33.96,
28-09-2026 09:00 IST,India,Manjeri,97,Moderate,33.15,
28-09-2026 09:00 IST,India,Silchar,2062,High,100.00,
28-09-2026 09:00 IST,India,Tiruchirappalli,70,Moderate,57.79,
28-09-2026 09:00 IST,India,Vijayawada,2064,Low,17.08,
28-09-2026 10:00 IST,India,Coimbatore,2019,High,100.00,
28-09-2026 10:00 IST,India,Demow,137,High,100.00,
28-09-2026 10:00 IST,India,Goa,132,Low,22.29,
28-09-2026 10:00 IST,India,Indore,2026,High,100.00,
28-09-2026 10:00 IST,India,Madurai,2027,High,100.00,
28-09-2026 10:00 IST,India,Mangalore,59,Moderate,33.96,
28-09-2026 10:00 IST,India,Manjeri,97,Moderate,33.15,
28-09-2026 10:00 IST,India,Silchar,2062,High,100.00,
28-09-2026 10:00 IST,India,Vijayawada,2064,Low,17.08,
28-09-2026 11:00 IST,India,Coimbatore,2019,High,100.00,
28-09-2026 11:00 IST,India,Demow,137,High,100.00,
28-09-2026 11:00 IST,India,Goa,132,Low,22.29,
28-09-2026 11:00 IST,India,Indore,2026,High,100.00,
28-09-2026 11:00 IST,India,Madurai,2027,High,100.00,
28-09-2026 11:00 IST,India,Mangalore,59,Moderate,33.96,
28-09-2026 11:00 IST,India,Manjeri,97,Moderate,33.15,
28-09-2026 11:00 IST,India,Silchar,2062,High,100.00,
28-09-2026 11:00 IST,India,Vijayawada,2064,Low,17.08,
28-09-2026 12:00 IST,India,Coimbatore,2019,High,100.00,
28-09-2026 12:00 IST,India,Demow,137,High,100.00,
28-09-2026 12:00 IST,India,Goa,132,Low,22.29,
28-09-2026 12:00 IST,India,Indore,2026,High,100.00,
28-09-2026 12:00 IST,India,Madurai,2027,High,100.00,
28-09-2026 12:00 IST,India,Mangalore,59,Moderate,33.96,
28-09-2026 12:00 IST,India,Manjeri,97,Moderate,33.15,
28-09-2026 12:00 IST,India,Silchar,2062,High,100.00,
28-09-2026 12:00 IST,India,Vijayawada,2064,Low,17.08,
28-09-2026 12:22 IST,India,Coimbatore,2019,High,100.00,
28-09-2026 12:22 IST,India,Demow,137,High,100.00,
28-09-2026 12:22 IST,India,Goa,132,Low,22.29,
28-09-2026 12:22 IST,India,Indore,2026,High,100.00,
28-09-2026 12:22 IST,India,Madurai,2027,High,100.00,
28-09-2026 12:22 IST,India,Mangalore,59,Moderate,33.96,
28-09-2026 12:22 IST,India,Manjeri,97,Moderate,33.15,
28-09-2026 12:22 IST,India,Silchar,2062,High,100.00,
28-09-2026 12:22 IST,India,Vijayawada,2064,Low,17.08,
28-09-2026 13:00 IST,India,Coimbatore,2019,High,100.00,
28-09-2026 13:00 IST,India,Demow,137,High,100.00,
28-09-2026 13:00 IST,India,Goa,132,Low,22.29,
28-09-2026 13:00 IST,India,Indore,2026,High,100.00,
28-09-2026 13:00 IST,India,Madurai,2027,High,100.00,
28-09-2026 13:00 IST,India,Mangalore,59,Moderate,33.96,
28-09-2026 13:00 IST,India,Manjeri,97,Moderate,33.15,
28-09-2026 13:00 IST,India,Silchar,2062,High,100.00,
28-09-2026 13:00 IST,India,Vijayawada,2064,Low,17.08,
28-09-2026 14:00 IST,India,Coimbatore,2019,High,100.00,
28-09-2026 14:00 IST,India,Demow,137,High,100.00,
28-09-2026 14:00 IST,India,Goa,132,Low,22.29,
28-09-2026 14:00 IST,India,Indore,2026,High,100.00,
28-09-2026 14:00 IST,India,Madurai,2027,High,100.00,
28-09-2026 14:00 IST,India,Mangalore,59,Moderate,33.96,
28-09-2026 14:00 IST,India,Manjeri,97,Moderate,33.15,
28-09-2026 14:00 IST,India,Silchar,2062,High,100.00,
28-09-2026 14:00 IST,India,Vijayawada,2064,Low,17.08,
28-09-2026 15:00 IST,India,Coimbatore,2019,High,100.00,
28-09-2026 15:00 IST,India,Demow,137,High,100.00,
28-09-2026 15:00 IST,India,Goa,132,Low,22.36,
28-09-2026 15:00 IST,India,Indore,2026,High,100.00,
28-09-2026 15:00 IST,India,Madurai,2027,High,100.00,
28-09-2026 15:00 IST,India,Mangalore,59,Moderate,34.79,
28-09-2026 15:00 IST,India,Manjeri,97,Moderate,33.22,
28-09-2026 15:00 IST,India,Silchar,2062,High,100.00,
28-09-2026 15:00 IST,India,Vijayawada,2064,Low,17.10,
28-09-2026 16:00 IST,India,Coimbatore,2019,High,100.00,
28-09-2026 16:00 IST,India,Demow,137,High,100.00,
28-09-2026 16:00 IST,India,Goa,132,Low,22.36,
28-09-2026 16:00 IST,India,Indore,2026,High,100.00,
28-09-2026 16:00 IST,India,Madurai,2027,High,100.00,
28-09-2026 16:00 IST,India,Mangalore,59,Moderate,34.79,
28-09-2026 16:00 IST,India,Manjeri,97,Moderate,33.22,
28-09-2026 16:00 IST,India,Silchar,2062,High,100.00,
28-09-2026 16:00 IST,India,Vijayawada,2064,Low,17.10,
28-09-2026 17:00 IST,India,Coimbatore,2019,High,100.00,
28-09-2026 17:00 IST,India,Demow,137,High,100.00,
28-09-2026 17:00 IST,India,Goa,132,Low,22.36,
28-09-2026 17:00 IST,India,Indore,2026,High,100.00,
28-09-2026 17:00 IST,India,Madurai,2027,High,100.00,
28-09-2026 17:00 IST,India,Mangalore,59,Moderate,34.79,
28-09-2026 17:00 IST,India,Manjeri,97,Moderate,33.22,
28-09-2026 17:00 IST,India,Silchar,2062,High,100.00,
28-09-2026 17:00 IST,India,Vijayawada,2064,Low,17.10,
28-09-2026 18:00 IST,India,Coimbatore,2019,High,100.00,
28-09-2026 18:00 IST,India,Demow,137,High,100.00,
28-09-2026 18:00 IST,India,Goa,132,Low,22.36,
28-09-2026 18:00 IST,India,Indore,2026,High,100.00,
28-09-2026 18:00 IST,India,Madurai,2027,High,100.00,
28-09-2026 18:00 IST,India,Mangalore,59,Moderate,34.79,
28-09-2026 18:00 IST,India,Manjeri,97,Moderate,33.22,
28-09-2026 18:00 IST,India,Silchar,2062,High,100.00,
28-09-2026 18:00 IST,India,Vijayawada,2064,Low,17.10,
28-09-2026 19:00 IST,India,Coimbatore,2019,High,100.00,
28-09-2026 19:00 IST,India,Demow,137,High,100.00,
28-09-2026 19:00 IST,India,Goa,132,Low,22.36,
28-09-2026 19:00 IST,India,Indore,2026,High,100.00,
28-09-2026 19:00 IST,India,Madurai,2027,High,100.00,
28-09-2026 19:00 IST,India,Mangalore,59,Moderate,34.79,
28-09-2026 19:00 IST,India,Manjeri,97,Moderate,33.22,
28-09-2026 19:00 IST,India,Silchar,2062,High,100.00,
28-09-2026 19:00 IST,India,Vijayawada,2064,Low,17.10,
28-09-2026 20:00 IST,India,Coimbatore,2019,High,100.00,
28-09-2026 20:00 IST,India,Demow,137,High,100.00,
28-09-2026 20:00 IST,India,Goa,132,Low,22.36,
28-09-2026 20:00 IST,India,Indore,2026,High,100.00,
28-09-2026 20:00 IST,India,Madurai,2027,High,100.00,
28-09-2026 20:00 IST,India,Mangalore,59,Moderate,34.79,
28-09-2026 20:00 IST,India,Manjeri,97,Moderate,33.22,
28-09-2026 20:00 IST,India,Silchar,2062,High,100.00,
28-09-2026 20:00 IST,India,Vijayawada,2064,Low,17.10,
28-09-2026 20:56 IST,India,Coimbatore,2019,High,100.00,
28-09-2026 20:56 IST,India,Demow,137,High,100.00,
28-09-2026 20:56 IST,India,Goa,132,Low,22.36,
28-09-2026 20:56 IST,India,Indore,2026,High,100.00,
28-09-2026 20:56 IST,India,Madurai,2027,High,100.00,
28-09-2026 20:56 IST,India,Mangalore,59,Moderate,34.79,
28-09-2026 20:56 IST,India,Manjeri,97,Moderate,33.22,
28-09-2026 20:56 IST,India,Silchar,2062,High,100.00,
28-09-2026 20:56 IST,India,Vijayawada,2064,Low,17.10,
28-09-2026 21:00 IST,India,Coimbatore,2019,High,100.00,
28-09-2026 21:00 IST,India,Demow,137,High,100.00,
28-09-2026 21:00 IST,India,Goa,132,Low,22.36,
28-09-2026 21:00 IST,India,Indore,2026,High,100.00,
28-09-2026 21:00 IST,India,Madurai,2027,High,100.00,
28-09-2026 21:00 IST,India,Mangalore,59,Moderate,34.79,
28-09-2026 21:00 IST,India,Manjeri,97,Moderate,33.22,
28-09-2026 21:00 IST,India,Silchar,2062,High,100.00,
28-09-2026 21:00 IST,India,Vijayawada,2064,Low,17.10,
28-09-2026 22:00 IST,India,Coimbatore,2019,High,100.00,
28-09-2026 22:00 IST,India,Demow,137,High,100.00,
28-09-2026 22:00 IST,India,Goa,132,Low,22.36,
28-09-2026 22:00 IST,India,Indore,2026,High,100.00,
28-09-2026 22:00 IST,India,Madurai,2027,High,100.00,
28-09-2026 22:00 IST,India,Mangalore,59,Moderate,34.79,
28-09-2026 22:00 IST,India,Manjeri,97,Moderate,33.22,
28-09-2026 22:00 IST,India,Silchar,2062,High,100.00,
28-09-2026 22:00 IST,India,Vijayawada,2064,Low,17.10,
28-09-2026 23:01 IST,India,Coimbatore,2019,High,100.00,
28-09-2026 23:01 IST,India,Demow,137,High,100.00,
28-09-2026 23:01 IST,India,Goa,132,Low,22.36,
28-09-2026 23:01 IST,India,Indore,2026,High,100.00,
28-09-2026 23:01 IST,India,Madurai,2027,High,100.00,
28-09-2026 23:01 IST,India,Mangalore,59,Moderate,34.79,
28-09-2026 23:01 IST,India,Manjeri,97,Moderate,33.22,
28-09-2026 23:01 IST,India,Silchar,2062,High,100.00,
28-09-2026 23:01 IST,India,Vijayawada,2064,Low,17.10,
29-09-2026 00:00 IST,India,Coimbatore,2019,High,100.00,
29-09-2026 00:00 IST,India,Demow,137,High,100.00,
29-09-2026 00:00 IST,India,Goa,132,Low,22.36,
29-09-2026 00:00 IST,India,Indore,2026,High,100.00,
29-09-2026 00:00 IST,India,Madurai,2027,High,100.00,
29-09-2026 00:00 IST,India,Mangalore,59,Moderate,34.79,
29-09-2026 00:00 IST,India,Manjeri,97,Moderate,33.22,
29-09-2026 00:00 IST,India,Silchar,2062,High,100.00,
29-09-2026 00:00 IST,India,Vijayawada,2064,Low,17.10,
29-09-2026 01:00 IST,India,Coimbatore,2019,High,100.00,
29-09-2026 01:00 IST,India,Demow,137,High,100.00,
29-09-2026 01:00 IST,India,Goa,132,Low,22.36,
29-09-2026 01:00 IST,India,Indore,2026,High,100.00,
29-09-2026 01:00 IST,India,Madurai,2027,High,100.00,
29-09-2026 01:00 IST,India,Mangalore,59,Moderate,34.79,
29-09-2026 01:00 IST,India,Manjeri,97,Moderate,33.22,
29-09-2026 01:00 IST,India,Silchar,2062,High,100.00,
29-09-2026 01:00 IST,India,Vijayawada,2064,Low,17.10,
29-09-2026 02:01 IST,India,Coimbatore,2019,High,100.00,
29-09-2026 02:01 IST,India,Demow,137,High,100.00,
29-09-2026 02:01 IST,India,Goa,132,Low,22.36,
29-09-2026 02:01 IST,India,Indore,2026,High,100.00,
29-09-2026 02:01 IST,India,Madurai,2027,High,100.00,
29-09-2026 02:01 IST,India,Mangalore,59,Moderate,34.79,
29-09-2026 02:01 IST,India,Manjeri,97,Moderate,33.22,
29-09-2026 02:01 IST,India,Silchar,2062,High,100.00,
29-09-2026 02:01 IST,India,Vijayawada,2064,Low,17.10,
29-09-2026 03:00 IST,India,Coimbatore,2019,High,100.00,
29-09-2026 03:00 IST,India,Demow,137,High,100.00,
29-09-2026 03:00 IST,India,Goa,132,Low,22.41,
29-09-2026 03:00 IST,India,Indore,2026,High,100.00,
29-09-2026 03:00 IST,India,Madurai,2027,High,100.00,
29-09-2026 03:00 IST,India,Mangalore,59,Moderate,34.94,
29-09-2026 03:00 IST,India,Manjeri,97,Moderate,33.44,
29-09-2026 03:00 IST,India,Silchar,2062,High,100.00,
29-09-2026 03:00 IST,India,Vijayawada,2064,Low,17.23,
29-09-2026 03:30 IST,India,Coimbatore,2019,High,100.00,
29-09-2026 03:30 IST,India,Demow,137,High,100.00,
29-09-2026 03:30 IST,India,Goa,132,Low,22.41,
29-09-2026 03:30 IST,India,Indore,2026,High,100.00,
29-09-2026 03:30 IST,India,Madurai,2027,High,100.00,
29-09-2026 03:30 IST,India,Mangalore,59,Moderate,34.94,
29-09-2026 03:30 IST,India,Manjeri,97,Moderate,33.44,
29-09-2026 03:30 IST,India,Silchar,2062,High,100.00,
29-09-2026 03:30 IST,India,Vijayawada,2064,Low,17.23,
29-09-2026 04:00 IST,India,Coimbatore,2019,High,100.00,
29-09-2026 04:00 IST,India,Demow,137,High,100.00,
29-09-2026 04:00 IST,India,Goa,132,Low,22.41,
29-09-2026 04:00 IST,India,Indore,2026,High,100.00,
29-09-2026 04:00 IST,India,Madurai,2027,High,100.00,
29-09-2026 04:00 IST,India,Mangalore,59,Moderate,34.94,
29-09-2026 04:00 IST,India,Manjeri,97,Moderate,33.44,
29-09-2026 04:00 IST,India,Silchar,2062,High,100.00,
29-09-2026 04:00 IST,India,Vijayawada,2064,Low,17.23,
29-09-2026 05:00 IST,India,Coimbatore,2019,High,100.00,
29-09-2026 05:00 IST,India,Demow,137,High,100.00,
29-09-2026 05:00 IST,India,Goa,132,Low,22.41,
29-09-2026 05:00 IST,India,Indore,2026,High,100.00,
29-09-2026 05:00 IST,India,Madurai,2027,High,100.00,
29-09-2026 05:00 IST,India,Mangalore,59,Moderate,34.94,
29-09-2026 05:00 IST,India,Manjeri,97,Moderate,33.44,
29-09-2026 05:00 IST,India,Silchar,2062,High,100.00,
29-09-2026 05:00 IST,India,Vijayawada,2064,Low,17.23,
29-09-2026 06:00 IST,India,Coimbatore,2019,High,100.00,
29-09-2026 06:00 IST,India,Demow,137,High,100.00,
29-09-2026 06:00 IST,India,Goa,132,Low,22.41,
29-09-2026 06:00 IST,India,Indore,2026,High,100.00,
29-09-2026 06:00 IST,India,Madurai,2027,High,100.00,
29-09-2026 06:00 IST,India,Mangalore,59,Moderate,34.94,
29-09-2026 06:00 IST,India,Manjeri,97,Moderate,33.44,
29-09-2026 06:00 IST,India,Silchar,2062,High,100.00,
29-09-2026 06:00 IST,India,Vijayawada,2064,Low,17.23,
29-09-2026 07:00 IST,India,Coimbatore,2019,High,100.00,
29-09-2026 07:00 IST,India,Demow,137,High,100.00,
29-09-2026 07:00 IST,India,Goa,132,Low,22.41,
29-09-2026 07:00 IST,India,Indore,2026,High,100.00,
29-09-2026 07:00 IST,India,Madurai,2027,High,100.00,
29-09-2026 07:00 IST,India,Mangalore,59,Moderate,34.94,
29-09-2026 07:00 IST,India,Manjeri,97,Moderate,33.44,
29-09-2026 07:00 IST,India,Silchar,2062,High,100.00,
29-09-2026 07:00 IST,India,Vijayawada,2064,Low,17.23,
29-09-2026 07:26 IST,India,Coimbatore,2019,High,100.00,
29-09-2026 07:26 IST,India,Demow,137,High,100.00,
29-09-2026 07:26 IST,India,Goa,132,Low,22.41,
29-09-2026 07:26 IST,India,Indore,2026,High,100.00,
29-09-2026 07:26 IST,India,Madurai,2027,High,100.00,
29-09-2026 07:26 IST,India,Mangalore,59,Moderate,34.94,
29-09-2026 07:26 IST,India,Manjeri,97,Moderate,33.44,
29-09-2026 07:26 IST,India,Silchar,2062,High,100.00,
29-09-2026 07:26 IST,India,Vijayawada,2064,Low,17.23,
29-09-2026 08:00 IST,India,Coimbatore,2019,High,100.00,
29-09-2026 08:00 IST,India,Demow,137,High,100.00,
29-09-2026 08:00 IST,India,Goa,132,Low,22.41,
29-09-2026 08:00 IST,India,Indore,2026,High,100.00,
29-09-2026 08:00 IST,India,Madurai,2027,High,100.00,
29-09-2026 08:00 IST,India,Mangalore,59,Moderate,34.94,
29-09-2026 08:00 IST,India,Manjeri,97,Moderate,33.44,
29-09-2026 08:00 IST,India,Silchar,2062,High,100.00,
29-09-2026 08:00 IST,India,Vijayawada,2064,Low,17.23,
29-09-2026 09:00 IST,India,Coimbatore,2019,High,100.00,
29-09-2026 09:00 IST,India,Demow,137,High,100.00,
29-09-2026 09:00 IST,India,Goa,132,Low,22.41,
29-09-2026 09:00 IST,India,Indore,2026,High,100.00,
29-09-2026 09:00 IST,India,Madurai,2027,High,100.00,
29-09-2026 09:00 IST,India,Mangalore,59,Moderate,34.94,
29-09-2026 09:00 IST,India,Manjeri,97,Moderate,33.44,
29-09-2026 09:00 IST,India,Silchar,2062,High,100.00,
29-09-2026 09:00 IST,India,Vijayawada,2064,Low,17.23,
29-09-2026 10:00 IST,India,Coimbatore,2019,High,100.00,
29-09-2026 10:00 IST,India,Demow,137,High,100.00,
29-09-2026 10:00 IST,India,Goa,132,Low,22.41,
29-09-2026 10:00 IST,India,Indore,2026,High,100.00,
29-09-2026 10:00 IST,India,Madurai,2027,High,100.00,
29-09-2026 10:00 IST,India,Mangalore,59,Moderate,34.94,
29-09-2026 10:00 IST,India,Manjeri,97,Moderate,33.44,
29-09-2026 10:00 IST,India,Silchar,2062,High,100.00,
29-09-2026 10:00 IST,India,Vijayawada,2064,Low,17.23,
29-09-2026 11:00 IST,India,Coimbatore,2019,High,100.00,
29-09-2026 11:00 IST,India,Demow,137,High,100.00,
29-09-2026 11:00 IST,India,Goa,132,Low,22.41,
29-09-2026 11:00 IST,India,Indore,2026,High,100.00,
29-09-2026 11:00 IST,India,Madurai,2027,High,100.00,
29-09-2026 11:00 IST,India,Mangalore,59,Moderate,34.94,
29-09-2026 11:00 IST,India,Manjeri,97,Moderate,33.44,
29-09-2026 11:00 IST,India,Silchar,2062,High,100.00,
29-09-2026 11:00 IST,India,Vijayawada,2064,Low,17.23,
29-09-2026 12:00 IST,India,Coimbatore,2019,High,100.00,
29-09-2026 12:00 IST,India,Demow,137,High,100.00,
29-09-2026 12:00 IST,India,Goa,132,Low,22.41,
29-09-2026 12:00 IST,India,Indore,2026,High,100.00,
29-09-2026 12:00 IST,India,Madurai,2027,High,100.00,
29-09-2026 12:00 IST,India,Mangalore,59,Moderate,34.94,
29-09-2026 12:00 IST,India,Manjeri,97,Moderate,33.44,
29-09-2026 12:00 IST,India,Silchar,2062,High,100.00,
29-09-2026 12:00 IST,India,Vijayawada,2064,Low,17.23,
29-09-2026 13:00 IST,India,Coimbatore,2019,High,100.00,
29-09-2026 13:00 IST,India,Demow,137,High,100.00,
29-09-2026 13:00 IST,India,Goa,132,Low,22.41,
29-09-2026 13:00 IST,India,Indore,2026,High,100.00,
29-09-2026 13:00 IST,India,Madurai,2027,High,100.00,
29-09-2026 13:00 IST,India,Mangalore,59,Moderate,34.94,
29-09-2026 13:00 IST,India,Manjeri,97,Moderate,33.44,
29-09-2026 13:00 IST,India,Silchar,2062,High,100.00,
29-09-2026 13:00 IST,India,Vijayawada,2064,Low,17.23,
29-09-2026 13:58 IST,India,Coimbatore,2019,High,100.00,
29-09-2026 13:58 IST,India,Demow,137,High,100.00,
29-09-2026 13:58 IST,India,Goa,132,Low,22.41,
29-09-2026 13:58 IST,India,Indore,2026,High,100.00,
29-09-2026 13:58 IST,India,Madurai,2027,High,100.00,
29-09-2026 13:58 IST,India,Mangalore,59,Moderate,34.94,
29-09-2026 13:58 IST,India,Manjeri,97,Moderate,33.44,
29-09-2026 13:58 IST,India,Silchar,2062,High,100.00,
29-09-2026 13:58 IST,India,Vijayawada,2064,Low,17.23,
29-09-2026 14:00 IST,India,Coimbatore,2019,High,100.00,
29-09-2026 14:00 IST,India,Demow,137,High,100.00,
29-09-2026 14:00 IST,India,Goa,132,Low,22.41,
29-09-2026 14:00 IST,India,Indore,2026,High,100.00,
29-09-2026 14:00 IST,India,Madurai,2027,High,100.00,
29-09-2026 14:00 IST,India,Mangalore,59,Moderate,34.94,
29-09-2026 14:00 IST,India,Manjeri,97,Moderate,33.44,
29-09-2026 14:00 IST,India,Silchar,2062,High,100.00,
29-09-2026 14:00 IST,India,Vijayawada,2064,Low,17.23,
29-09-2026 15:00 IST,India,Coimbatore,2019,High,100.00,
29-09-2026 15:00 IST,India,Demow,137,High,100.00,
29-09-2026 15:00 IST,India,Goa,132,Low,22.48,
29-09-2026 15:00 IST,India,Indore,2026,High,100.00,
29-09-2026 15:00 IST,India,Madurai,2027,High,100.00,
29-09-2026 15:00 IST,India,Mangalore,59,Moderate,34.84,
29-09-2026 15:00 IST,India,Manjeri,97,Moderate,33.21,
29-09-2026 15:00 IST,India,Silchar,2062,High,100.00,
29-09-2026 15:00 IST,India,Vijayawada,2064,Low,17.25,
29-09-2026 16:00 IST,India,Coimbatore,2019,High,100.00,
29-09-2026 16:00 IST,India,Demow,137,High,100.00,
29-09-2026 16:00 IST,India,Goa,132,Low,22.48,
29-09-2026 16:00 IST,India,Indore,2026,High,100.00,
29-09-2026 16:00 IST,India,Madurai,2027,High,100.00,
29-09-2026 16:00 IST,India,Mangalore,59,Moderate,34.84,
29-09-2026 16:00 IST,India,Manjeri,97,Moderate,33.21,
29-09-2026 16:00 IST,India,Silchar,2062,High,100.00,
29-09-2026 16:00 IST,India,Vijayawada,2064,Low,17.25,
29-09-2026 17:01 IST,India,Coimbatore,2019,High,100.00,
29-09-2026 17:01 IST,India,Demow,137,High,100.00,
29-09-2026 17:01 IST,India,Goa,132,Low,22.48,
29-09-2026 17:01 IST,India,Indore,2026,High,100.00,
29-09-2026 17:01 IST,India,Madurai,2027,High,100.00,
29-09-2026 17:01 IST,India,Mangalore,59,Moderate,34.84,
29-09-2026 17:01 IST,India,Manjeri,97,Moderate,33.21,
29-09-2026 17:01 IST,India,Silchar,2062,High,100.00,
29-09-2026 17:01 IST,India,Vijayawada,2064,Low,17.25,
29-09-2026 18:00 IST,India,Coimbatore,2019,High,100.00,
29-09-2026 18:00 IST,India,Demow,137,High,100.00,
29-09-2026 18:00 IST,India,Goa,132,Low,22.48,
29-09-2026 18:00 IST,India,Indore,2026,High,100.00,
29-09-2026 18:00 IST,India,Madurai,2027,High,100.00,
29-09-2026 18:00 IST,India,Mangalore,59,Moderate,34.84,
29-09-2026 18:00 IST,India,Manjeri,97,Moderate,33.21,
29-09-2026 18:00 IST,India,Silchar,2062,High,100.00,
29-09-2026 18:00 IST,India,Vijayawada,2064,Low,17.25,
29-09-2026 19:00 IST,India,Coimbatore,2019,High,100.00,
29-09-2026 19:00 IST,India,Demow,137,High,100.00,
29-09-2026 19:00 IST,India,Goa,132,Low,22.48,
29-09-2026 19:00 IST,India,Indore,2026,High,100.00,
29-09-2026 19:00 IST,India,Madurai,2027,High,100.00,
29-09-2026 19:00 IST,India,Mangalore,59,Moderate,34.84,
29-09-2026 19:00 IST,India,Manjeri,97,Moderate,33.21,
29-09-2026 19:00 IST,India,Silchar,2062,High,100.00,
29-09-2026 19:00 IST,India,Vijayawada,2064,Low,17.25,
29-09-2026 20:01 IST,India,Coimbatore,2019,High,100.00,
29-09-2026 20:01 IST,India,Demow,137,High,100.00,
29-09-2026 20:01 IST,India,Goa,132,Low,22.48,
29-09-2026 20:01 IST,India,Indore,2026,High,100.00,
29-09-2026 20:01 IST,India,Madurai,2027,High,100.00,
29-09-2026 20:01 IST,India,Mangalore,59,Moderate,34.84,
29-09-2026 20:01 IST,India,Manjeri,97,Moderate,33.21,
29-09-2026 20:01 IST,India,Silchar,2062,High,100.00,
29-09-2026 20:01 IST,India,Vijayawada,2064,Low,17.25,
29-09-2026 21:00 IST,India,Coimbatore,2019,High,100.00,
29-09-2026 21:00 IST,India,Demow,137,High,100.00,
29-09-2026 21:00 IST,India,Goa,132,Low,22.48,
29-09-2026 21:00 IST,India,Indore,2026,High,100.00,
29-09-2026 21:00 IST,India,Madurai,2027,High,100.00,
29-09-2026 21:00 IST,India,Mangalore,59,Moderate,34.84,
29-09-2026 21:00 IST,India,Manjeri,97,Moderate,33.21,
29-09-2026 21:00 IST,India,Silchar,2062,High,100.00,
29-09-2026 21:00 IST,India,Vijayawada,2064,Low,17.25,
29-09-2026 21:20 IST,India,Coimbatore,2019,High,100.00,
29-09-2026 21:20 IST,India,Demow,137,High,100.00,
29-09-2026 21:20 IST,India,Goa,132,Low,22.48,
29-09-2026 21:20 IST,India,Indore,2026,High,100.00,
29-09-2026 21:20 IST,India,Madurai,2027,High,100.00,
29-09-2026 21:20 IST,India,Mangalore,59,Moderate,34.84,
29-09-2026 21:20 IST,India,Manjeri,97,Moderate,33.21,
29-09-2026 21:20 IST,India,Silchar,2062,High,100.00,
29-09-2026 21:20 IST,India,Vijayawada,2064,Low,17.25,
29-09-2026 22:00 IST,India,Coimbatore,2019,High,100.00,
29-09-2026 22:00 IST,India,Demow,137,High,100.00,
29-09-2026 22:00 IST,India,Goa,132,Low,22.48,
29-09-2026 22:00 IST,India,Indore,2026,High,100.00,
29-09-2026 22:00 IST,India,Madurai,2027,High,100.00,
29-09-2026 22:00 IST,India,Mangalore,59,Moderate,34.84,
29-09-2026 22:00 IST,India,Manjeri,97,Moderate,33.21,
29-09-2026 22:00 IST,India,Silchar,2062,High,100.00,
29-09-2026 22:00 IST,India,Vijayawada,2064,Low,17.25,
29-09-2026 23:00 IST,India,Coimbatore,2019,High,100.00,
29-09-2026 23:00 IST,India,Demow,137,High,100.00,
29-09-2026 23:00 IST,India,Goa,132,Low,22.48,
29-09-2026 23:00 IST,India,Indore,2026,High,100.00,
29-09-2026 23:00 IST,India,Madurai,2027,High,100.00,
29-09-2026 23:00 IST,India,Mangalore,59,Moderate,34.84,
29-09-2026 23:00 IST,India,Manjeri,97,Moderate,33.21,
29-09-2026 23:00 IST,India,Silchar,2062,High,100.00,
29-09-2026 23:00 IST,India,Vijayawada,2064,Low,17.25,
30-09-2026 00:00 IST,India,Coimbatore,2019,High,100.00,
30-09-2026 00:00 IST,India,Demow,137,High,100.00,
30-09-2026 00:00 IST,India,Goa,132,Low,22.48,
30-09-2026 00:00 IST,India,Indore,2026,High,100.00,
30-09-2026 00:00 IST,India,Madurai,2027,High,100.00,
30-09-2026 00:00 IST,India,Mangalore,59,Moderate,34.84,
30-09-2026 00:00 IST,India,Manjeri,97,Moderate,33.21,
30-09-2026 00:00 IST,India,Silchar,2062,High,100.00,
30-09-2026 00:00 IST,India,Vijayawada,2064,Low,17.25,
30-09-2026 01:00 IST,India,Coimbatore,2019,High,100.00,
30-09-2026 01:00 IST,India,Demow,137,High,100.00,
30-09-2026 01:00 IST,India,Goa,132,Low,22.48,
30-09-2026 01:00 IST,India,Indore,2026,High,100.00,
30-09-2026 01:00 IST,India,Madurai,2027,High,100.00,
30-09-2026 01:00 IST,India,Mangalore,59,Moderate,34.84,
30-09-2026 01:00 IST,India,Manjeri,97,Moderate,33.21,
30-09-2026 01:00 IST,India,Silchar,2062,High,100.00,
30-09-2026 01:00 IST,India,Vijayawada,2064,Low,17.25,
30-09-2026 02:00 IST,India,Coimbatore,2019,High,100.00,
30-09-2026 02:00 IST,India,Demow,137,High,100.00,
30-09-2026 02:00 IST,India,Goa,132,Low,22.48,
30-09-2026 02:00 IST,India,Indore,2026,High,100.00,
30-09-2026 02:00 IST,India,Madurai,2027,High,100.00,
30-09-2026 02:00 IST,India,Mangalore,59,Moderate,34.84,
30-09-2026 02:00 IST,India,Manjeri,97,Moderate,33.21,
30-09-2026 02:00 IST,India,Silchar,2062,High,100.00,
30-09-2026 02:00 IST,India,Vijayawada,2064,Low,17.25,
30-09-2026 02:16 IST,India,Coimbatore,2019,High,100.00,
30-09-2026 02:16 IST,India,Demow,137,High,100.00,
30-09-2026 02:16 IST,India,Goa,132,Low,22.48,
30-09-2026 02:16 IST,India,Indore,2026,High,100.00,
30-09-2026 02:16 IST,India,Madurai,2027,High,100.00,
30-09-2026 02:16 IST,India,Mangalore,59,Moderate,34.84,
30-09-2026 02:16 IST,India,Manjeri,97,Moderate,33.21,
30-09-2026 02:16 IST,India,Silchar,2062,High,100.00,
30-09-2026 02:16 IST,India,Vijayawada,2064,Low,17.25,
30-09-2026 03:01 IST,India,Coimbatore,2019,High,100.00,
30-09-2026 03:01 IST,India,Demow,137,High,100.00,
30-09-2026 03:01 IST,India,Goa,132,Low,22.71,
30-09-2026 03:01 IST,India,Indore,2026,High,100.00,
30-09-2026 03:01 IST,India,Madurai,2027,High,100.00,
30-09-2026 03:01 IST,India,Mangalore,59,Moderate,34.85,
30-09-2026 03:01 IST,India,Manjeri,97,Moderate,33.38,
30-09-2026 03:01 IST,India,Silchar,2062,High,100.00,
30-09-2026 03:01 IST,India,Vijayawada,2064,Low,17.32,
30-09-2026 04:00 IST,India,Coimbatore,2019,High,100.00,
30-09-2026 04:00 IST,India,Demow,137,High,100.00,
30-09-2026 04:00 IST,India,Goa,132,Low,22.71,
30-09-2026 04:00 IST,India,Indore,2026,High,100.00,
30-09-2026 04:00 IST,India,Madurai,2027,High,100.00,
30-09-2026 04:00 IST,India,Mangalore,59,Moderate,34.85,
30-09-2026 04:00 IST,India,Manjeri,97,Moderate,33.38,
30-09-2026 04:00 IST,India,Silchar,2062,High,100.00,
30-09-2026 04:00 IST,India,Vijayawada,2064,Low,17.32,
30-09-2026 05:00 IST,India,Coimbatore,2019,High,100.00,
30-09-2026 05:00 IST,India,Demow,137,High,100.00,
30-09-2026 05:00 IST,India,Goa,132,Low,22.71,
30-09-2026 05:00 IST,India,Indore,2026,High,100.00,
30-09-2026 05:00 IST,India,Madurai,2027,High,100.00,
30-09-2026 05:00 IST,India,Mangalore,59,Moderate,34.85,
30-09-2026 05:00 IST,India,Manjeri,97,Moderate,33.38,
30-09-2026 05:00 IST,India,Silchar,2062,High,100.00,
30-09-2026 05:00 IST,India,Vijayawada,2064,Low,17.32,
30-09-2026 05:56 IST,India,Coimbatore,2019,High,100.00,
30-09-2026 05:56 IST,India,Demow,137,High,100.00,
30-09-2026 05:56 IST,India,Goa,132,Low,22.71,
30-09-2026 05:56 IST,India,Indore,2026,High,100.00,
30-09-2026 05:56 IST,India,Madurai,2027,High,100.00,
30-09-2026 05:56 IST,India,Mangalore,59,Moderate,34.85,
30-09-2026 05:56 IST,India,Manjeri,97,Moderate,33.38,
30-09-2026 05:56 IST,India,Silchar,2062,High,100.00,
30-09-2026 05:56 IST,India,Vijayawada,2064,Low,17.32,
30-09-2026 06:01 IST,India,Coimbatore,2019,High,100.00,
30-09-2026 06:01 IST,India,Demow,137,High,100.00,
30-09-2026 06:01 IST,India,Goa,132,Low,22.71,
30-09-2026 06:01 IST,India,Indore,2026,High,100.00,
30-09-2026 06:01 IST,India,Madurai,2027,High,100.00,
30-09-2026 06:01 IST,India,Mangalore,59,Moderate,34.85,
30-09-2026 06:01 IST,India,Manjeri,97,Moderate,33.38,
30-09-2026 06:01 IST,India,Silchar,2062,High,100.00,
30-09-2026 06:01 IST,India,Vijayawada,2064,Low,17.32,
30-09-2026 07:01 IST,India,Coimbatore,2019,High,100.00,
30-09-2026 07:01 IST,India,Demow,137,High,100.00,
30-09-2026 07:01 IST,India,Goa,132,Low,22.71,
30-09-2026 07:01 IST,India,Indore,2026,High,100.00,
30-09-2026 07:01 IST,India,Madurai,2027,High,100.00,
30-09-2026 07:01 IST,India,Mangalore,59,Moderate,34.85,
30-09-2026 07:01 IST,India,Manjeri,97,Moderate,33.38,
30-09-2026 07:01 IST,India,Silchar,2062,High,100.00,
30-09-2026 07:01 IST,India,Vijayawada,2064,Low,17.32,
30-09-2026 08:01 IST,India,Coimbatore,2019,High,100.00,
30-09-2026 08:01 IST,India,Demow,137,High,100.00,
30-09-2026 08:01 IST,India,Goa,132,Low,22.71,
30-09-2026 08:01 IST,India,Indore,2026,High,100.00,
30-09-2026 08:01 IST,India,Madurai,2027,High,100.00,
30-09-2026 08:01 IST,India,Mangalore,59,Moderate,34.85,
30-09-2026 08:01 IST,India,Manjeri,97,Moderate,33.38,
30-09-2026 08:01 IST,India,Silchar,2062,High,100.00,
30-09-2026 08:01 IST,India,Vijayawada,2064,Low,17.32,
30-09-2026 09:00 IST,India,Coimbatore,2019,High,100.00,
30-09-2026 09:00 IST,India,Demow,137,High,100.00,
30-09-2026 09:00 IST,India,Goa,132,Low,22.71,
30-09-2026 09:00 IST,India,Indore,2026,High,100.00,
30-09-2026 09:00 IST,India,Madurai,2027,High,100.00,
30-09-2026 09:00 IST,India,Mangalore,59,Moderate,34.85,
30-09-2026 09:00 IST,India,Manjeri,97,Moderate,33.38,
30-09-2026 09:00 IST,India,Silchar,2062,High,100.00,
30-09-2026 09:00 IST,India,Vijayawada,2064,Low,17.32,
30-09-2026 10:00 IST,India,Coimbatore,2019,High,100.00,
30-09-2026 10:00 IST,India,Demow,137,High,100.00,
30-09-2026 10:00 IST,India,Goa,132,Low,22.71,
30-09-2026 10:00 IST,India,Indore,2026,High,100.00,
30-09-2026 10:00 IST,India,Madurai,2027,High,100.00,
30-09-2026 10:00 IST,India,Mangalore,59,Moderate,34.85,
30-09-2026 10:00 IST,India,Manjeri,97,Moderate,33.38,
30-09-2026 10:00 IST,India,Silchar,2062,High,100.00,
30-09-2026 10:00 IST,India,Vijayawada,2064,Low,17.32,
30-09-2026 11:00 IST,India,Coimbatore,2019,High,100.00,
30-09-2026 11:00 IST,India,Demow,137,High,100.00,
30-09-2026 11:00 IST,India,Goa,132,Low,22.71,
30-09-2026 11:00 IST,India,Indore,2026,High,100.00,
30-09-2026 11:00 IST,India,Madurai,2027,High,100.00,
30-09-2026 11:00 IST,India,Mangalore,59,Moderate,34.85,
30-09-2026 11:00 IST,India,Manjeri,97,Moderate,33.38,
30-09-2026 11:00 IST,India,Silchar,2062,High,100.00,
30-09-2026 11:00 IST,India,Vijayawada,2064,Low,17.32,
30-09-2026 12:01 IST,India,Coimbatore,2019,High,100.00,
30-09-2026 12:01 IST,India,Demow,137,High,100.00,
30-09-2026 12:01 IST,India,Goa,132,Low,22.71,
30-09-2026 12:01 IST,India,Indore,2026,High,100.00,
30-09-2026 12:01 IST,India,Madurai,2027,High,100.00,
30-09-2026 12:01 IST,India,Mangalore,59,Moderate,34.85,
30-09-2026 12:01 IST,India,Manjeri,97,Moderate,33.38,
30-09-2026 12:01 IST,India,Silchar,2062,High,100.00,
30-09-2026 12:01 IST,India,Vijayawada,2064,Low,17.32,
30-09-2026 12:12 IST,India,Coimbatore,2019,High,100.00,
30-09-2026 12:12 IST,India,Demow,137,High,100.00,
30-09-2026 12:12 IST,India,Goa,132,Low,22.71,
30-09-2026 12:12 IST,India,Indore,2026,High,100.00,
30-09-2026 12:12 IST,India,Madurai,2027,High,100.00,
30-09-2026 12:12 IST,India,Mangalore,59,Moderate,34.85,
30-09-2026 12:12 IST,India,Manjeri,97,Moderate,33.38,
30-09-2026 12:12 IST,India,Silchar,2062,High,100.00,
30-09-2026 12:12 IST,India,Vijayawada,2064,Low,17.32,
30-09-2026 13:00 IST,India,Coimbatore,2019,High,100.00,
30-09-2026 13:00 IST,India,Demow,137,High,100.00,
30-09-2026 13:00 IST,India,Goa,132,Low,22.71,
30-09-2026 13:00 IST,India,Indore,2026,High,100.00,
30-09-2026 13:00 IST,India,Madurai,2027,High,100.00,
30-09-2026 13:00 IST,India,Mangalore,59,Moderate,34.85,
30-09-2026 13:00 IST,India,Manjeri,97,Moderate,33.38,
30-09-2026 13:00 IST,India,Silchar,2062,High,100.00,
30-09-2026 13:00 IST,India,Vijayawada,2064,Low,17.32,
30-09-2026 14:00 IST,India,Coimbatore,2019,High,100.00,
30-09-2026 14:00 IST,India,Demow,137,High,100.00,
30-09-2026 14:00 IST,India,Goa,132,Low,22.71,
30-09-2026 14:00 IST,India,Indore,2026,High,100.00,
30-09-2026 14:00 IST,India,Madurai,2027,High,100.00,
30-09-2026 14:00 IST,India,Mangalore,59,Moderate,34.85,
30-09-2026 14:00 IST,India,Manjeri,97,Moderate,33.38,
30-09-2026 14:00 IST,India,Silchar,2062,High,100.00,
30-09-2026 14:00 IST,India,Vijayawada,2064,Low,17.32,
30-09-2026 15:00 IST,India,Coimbatore,2019,High,100.00,
30-09-2026 15:00 IST,India,Demow,137,High,100.00,
30-09-2026 15:00 IST,India,Goa,132,Low,22.65,
30-09-2026 15:00 IST,India,Indore,2026,High,100.00,
30-09-2026 15:00 IST,India,Madurai,2027,High,100.00,
30-09-2026 15:00 IST,India,Mangalore,59,Moderate,34.56,
30-09-2026 15:00 IST,India,Manjeri,97,Moderate,33.29,
30-09-2026 15:00 IST,India,Silchar,2062,High,100.00,
30-09-2026 15:00 IST,India,Vijayawada,2064,Low,17.36,
30-09-2026 16:00 IST,India,Coimbatore,2019,High,100.00,
30-09-2026 16:00 IST,India,Demow,137,High,100.00,
30-09-2026 16:00 IST,India,Goa,132,Low,22.65,
30-09-2026 16:00 IST,India,Indore,2026,High,100.00,
30-09-2026 16:00 IST,India,Madurai,2027,High,100.00,
30-09-2026 16:00 IST,India,Mangalore,59,Moderate,34.56,
30-09-2026 16:00 IST,India,Manjeri,97,Moderate,33.29,
30-09-2026 16:00 IST,India,Silchar,2062,High,100.00,
30-09-2026 16:00 IST,India,Vijayawada,2064,Low,17.36,
30-09-2026 17:01 IST,India,Coimbatore,2019,High,100.00,
30-09-2026 17:01 IST,India,Demow,137,High,100.00,
30-09-2026 17:01 IST,India,Goa,132,Low,22.65,
30-09-2026 17:01 IST,India,Indore,2026,High,100.00,
30-09-2026 17:01 IST,India,Madurai,2027,High,100.00,
30-09-2026 17:01 IST,India,Mangalore,59,Moderate,34.56,
30-09-2026 17:01 IST,India,Manjeri,97,Moderate,33.29,
30-09-2026 17:01 IST,India,Silchar,2062,High,100.00,
30-09-2026 17:01 IST,India,Vijayawada,2064,Low,17.36,
30-09-2026 18:01 IST,India,Coimbatore,2019,High,100.00,
30-09-2026 18:01 IST,India,Demow,137,High,100.00,
30-09-2026 18:01 IST,India,Goa,132,Low,22.65,
30-09-2026 18:01 IST,India,Indore,2026,High,100.00,
30-09-2026 18:01 IST,India,Madurai,2027,High,100.00,
30-09-2026 18:01 IST,India,Mangalore,59,Moderate,34.56,
30-09-2026 18:01 IST,India,Manjeri,97,Moderate,33.29,
30-09-2026 18:01 IST,India,Silchar,2062,High,100.00,
30-09-2026 18:01 IST,India,Vijayawada,2064,Low,17.36,
30-09-2026 19:00 IST,India,Coimbatore,2019,High,100.00,
30-09-2026 19:00 IST,India,Demow,137,High,100.00,
30-09-2026 19:00 IST,India,Goa,132,Low,22.65,
30-09-2026 19:00 IST,India,Indore,2026,High,100.00,
30-09-2026 19:00 IST,India,Madurai,2027,High,100.00,
30-09-2026 19:00 IST,India,Mangalore,59,Moderate,34.56,
30-09-2026 19:00 IST,India,Manjeri,97,Moderate,33.29,
30-09-2026 19:00 IST,India,Silchar,2062,High,100.00,
30-09-2026 19:00 IST,India,Vijayawada,2064,Low,17.36,
30-09-2026 19:12 IST,India,Coimbatore,2019,High,100.00,
30-09-2026 19:12 IST,India,Demow,137,High,100.00,
30-09-2026 19:12 IST,India,Goa,132,Low,22.65,
30-09-2026 19:12 IST,India,Indore,2026,High,100.00,
30-09-2026 19:12 IST,India,Madurai,2027,High,100.00,
30-09-2026 19:12 IST,India,Mangalore,59,Moderate,34.56,
30-09-2026 19:12 IST,India,Manjeri,97,Moderate,33.29,
30-09-2026 19:12 IST,India,Silchar,2062,High,100.00,
30-09-2026 19:12 IST,India,Vijayawada,2064,Low,17.36,
30-09-2026 20:01 IST,India,Coimbatore,2019,High,100.00,
30-09-2026 20:01 IST,India,Demow,137,High,100.00,
30-09-2026 20:01 IST,India,Goa,132,Low,22.65,
30-09-2026 20:01 IST,India,Indore,2026,High,100.00,
30-09-2026 20:01 IST,India,Madurai,2027,High,100.00,
30-09-2026 20:01 IST,India,Mangalore,59,Moderate,34.56,
30-09-2026 20:01 IST,India,Manjeri,97,Moderate,33.29,
30-09-2026 20:01 IST,India,Silchar,2062,High,100.00,
30-09-2026 20:01 IST,India,Vijayawada,2064,Low,17.36,
30-09-2026 21:00 IST,India,Coimbatore,2019,High,100.00,
30-09-2026 21:00 IST,India,Demow,137,High,100.00,
30-09-2026 21:00 IST,India,Goa,132,Low,22.65,
30-09-2026 21:00 IST,India,Indore,2026,High,100.00,
30-09-2026 21:00 IST,India,Madurai,2027,High,100.00,
30-09-2026 21:00 IST,India,Mangalore,59,Moderate,34.56,
30-09-2026 21:00 IST,India,Manjeri,97,Moderate,33.29,
30-09-2026 21:00 IST,India,Silchar,2062,High,100.00,
30-09-2026 21:00 IST,India,Vijayawada,2064,Low,17.36,
30-09-2026 22:00 IST,India,Coimbatore,2019,High,100.00,
30-09-2026 22:00 IST,India,Demow,137,High,100.00,
30-09-2026 22:00 IST,India,Goa,132,Low,22.65,
30-09-2026 22:00 IST,India,Indore,2026,High,100.00,
30-09-2026 22:00 IST,India,Madurai,2027,High,100.00,
30-09-2026 22:00 IST,India,Mangalore,59,Moderate,34.56,
30-09-2026 22:00 IST,India,Manjeri,97,Moderate,33.29,
30-09-2026 22:00 IST,India,Silchar,2062,High,100.00,
30-09-2026 22:00 IST,India,Vijayawada,2064,Low,17.36,
30-09-2026 23:00 IST,India,Coimbatore,2019,High,100.00,
30-09-2026 23:00 IST,India,Demow,137,High,100.00,
30-09-2026 23:00 IST,India,Goa,132,Low,22.65,
30-09-2026 23:00 IST,India,Indore,2026,High,100.00,
30-09-2026 23:00 IST,India,Madurai,2027,High,100.00,
30-09-2026 23:00 IST,India,Mangalore,59,Moderate,34.56,
30-09-2026 23:00 IST,India,Manjeri,97,Moderate,33.29,
30-09-2026 23:00 IST,India,Silchar,2062,High,100.00,
30-09-2026 23:00 IST,India,Vijayawada,2064,Low,17.36,
01-10-2026 00:00 IST,India,Coimbatore,2019,High,100.00,
01-10-2026 00:00 IST,India,Demow,137,High,100.00,
01-10-2026 00:00 IST,India,Goa,132,Low,22.65,
01-10-2026 00:00 IST,India,Indore,2026,High,100.00,
01-10-2026 00:00 IST,India,Madurai,2027,High,100.00,
01-10-2026 00:00 IST,India,Mangalore,59,Moderate,34.56,
01-10-2026 00:00 IST,India,Manjeri,97,Moderate,33.29,
01-10-2026 00:00 IST,India,Silchar,2062,High,100.00,
01-10-2026 00:00 IST,India,Vijayawada,2064,Low,17.36,
01-10-2026 00:50 IST,India,Coimbatore,2019,High,100.00,
01-10-2026 00:50 IST,India,Demow,137,High,100.00,
01-10-2026 00:50 IST,India,Goa,132,Low,22.65,
01-10-2026 00:50 IST,India,Indore,2026,High,100.00,
01-10-2026 00:50 IST,India,Madurai,2027,High,100.00,
01-10-2026 00:50 IST,India,Mangalore,59,Moderate,34.56,
01-10-2026 00:50 IST,India,Manjeri,97,Moderate,33.29,
01-10-2026 00:50 IST,India,Silchar,2062,High,100.00,
01-10-2026 00:50 IST,India,Vijayawada,2064,Low,17.36,
01-10-2026 01:00 IST,India,Coimbatore,2019,High,100.00,
01-10-2026 01:00 IST,India,Demow,137,High,100.00,
01-10-2026 01:00 IST,India,Goa,132,Low,22.65,
01-10-2026 01:00 IST,India,Indore,2026,High,100.00,
01-10-2026 01:00 IST,India,Madurai,2027,High,100.00,
01-10-2026 01:00 IST,India,Mangalore,59,Moderate,34.56,
01-10-2026 01:00 IST,India,Manjeri,97,Moderate,33.29,
01-10-2026 01:00 IST,India,Silchar,2062,High,100.00,
01-10-2026 01:00 IST,India,Vijayawada,2064,Low,17.36,
01-10-2026 02:00 IST,India,Coimbatore,2019,High,100.00,
01-10-2026 02:00 IST,India,Demow,137,High,100.00,
01-10-2026 02:00 IST,India,Goa,132,Low,22.65,
01-10-2026 02:00 IST,India,Indore,2026,High,100.00,
01-10-2026 02:00 IST,India,Madurai,2027,High,100.00,
01-10-2026 02:00 IST,India,Mangalore,59,Moderate,34.56,
01-10-2026 02:00 IST,India,Manjeri,97,Moderate,33.29,
01-10-2026 02:00 IST,India,Silchar,2062,High,100.00,
01-10-2026 02:00 IST,India,Vijayawada,2064,Low,17.36,
01-10-2026 03:00 IST,India,Coimbatore,2019,High,100.00,
01-10-2026 03:00 IST,India,Demow,137,High,100.00,
01-10-2026 03:00 IST,India,Goa,132,Low,22.94,
01-10-2026 03:00 IST,India,Indore,2026,High,100.00,
01-10-2026 03:00 IST,India,Madurai,2027,High,100.00,
01-10-2026 03:00 IST,India,Mangalore,59,Moderate,34.74,
01-10-2026 03:00 IST,India,Manjeri,97,Moderate,33.43,
01-10-2026 03:00 IST,India,Silchar,2062,High,100.00,
01-10-2026 03:00 IST,India,Vijayawada,2064,Low,17.54,
01-10-2026 04:00 IST,India,Coimbatore,2019,High,100.00,
01-10-2026 04:00 IST,India,Demow,137,High,100.00,
01-10-2026 04:00 IST,India,Goa,132,Low,22.94,
01-10-2026 04:00 IST,India,Indore,2026,High,100.00,
01-10-2026 04:00 IST,India,Madurai,2027,High,100.00,
01-10-2026 04:00 IST,India,Mangalore,59,Moderate,34.74,
01-10-2026 04:00 IST,India,Manjeri,97,Moderate,33.43,
01-10-2026 04:00 IST,India,Silchar,2062,High,100.00,
01-10-2026 04:00 IST,India,Vijayawada,2064,Low,17.54,
01-10-2026 05:00 IST,India,Coimbatore,2019,High,100.00,
01-10-2026 05:00 IST,India,Demow,137,High,100.00,
01-10-2026 05:00 IST,India,Goa,132,Low,22.94,
01-10-2026 05:00 IST,India,Indore,2026,High,100.00,
01-10-2026 05:00 IST,India,Madurai,2027,High,100.00,
01-10-2026 05:00 IST,India,Mangalore,59,Moderate,34.74,
01-10-2026 05:00 IST,India,Manjeri,97,Moderate,33.43,
01-10-2026 05:00 IST,India,Silchar,2062,High,100.00,
01-10-2026 05:00 IST,India,Vijayawada,2064,Low,17.54,
01-10-2026 05:17 IST,India,Coimbatore,2019,High,100.00,
01-10-2026 05:17 IST,India,Demow,137,High,100.00,
01-10-2026 05:17 IST,India,Goa,132,Low,22.94,
01-10-2026 05:17 IST,India,Indore,2026,High,100.00,
01-10-2026 05:17 IST,India,Madurai,2027,High,100.00,
01-10-2026 05:17 IST,India,Mangalore,59,Moderate,34.74,
01-10-2026 05:17 IST,India,Manjeri,97,Moderate,33.43,
01-10-2026 05:17 IST,India,Silchar,2062,High,100.00,
01-10-2026 05:17 IST,India,Vijayawada,2064,Low,17.54,
01-10-2026 06:00 IST,India,Coimbatore,2019,High,100.00,
01-10-2026 06:00 IST,India,Demow,137,High,100.00,
01-10-2026 06:00 IST,India,Goa,132,Low,22.94,
01-10-2026 06:00 IST,India,Indore,2026,High,100.00,
01-10-2026 06:00 IST,India,Madurai,2027,High,100.00,
01-10-2026 06:00 IST,India,Mangalore,59,Moderate,34.74,
01-10-2026 06:00 IST,India,Manjeri,97,Moderate,33.43,
01-10-2026 06:00 IST,India,Silchar,2062,High,100.00,
01-10-2026 06:00 IST,India,Vijayawada,2064,Low,17.54,
01-10-2026 07:00 IST,India,Coimbatore,2019,High,100.00,
01-10-2026 07:00 IST,India,Demow,137,High,100.00,
01-10-2026 07:00 IST,India,Goa,132,Low,22.94,
01-10-2026 07:00 IST,India,Indore,2026,High,100.00,
01-10-2026 07:00 IST,India,Madurai,2027,High,100.00,
01-10-2026 07:00 IST,India,Mangalore,59,Moderate,34.74,
01-10-2026 07:00 IST,India,Manjeri,97,Moderate,33.43,
01-10-2026 07:00 IST,India,Silchar,2062,High,100.00,
01-10-2026 07:00 IST,India,Vijayawada,2064,Low,17.54,
01-10-2026 08:00 IST,India,Coimbatore,2019,High,100.00,
01-10-2026 08:00 IST,India,Demow,137,High,100.00,
01-10-2026 08:00 IST,India,Goa,132,Low,22.94,
01-10-2026 08:00 IST,India,Indore,2026,High,100.00,
01-10-2026 08:00 IST,India,Madurai,2027,High,100.00,
01-10-2026 08:00 IST,India,Mangalore,59,Moderate,34.74,
01-10-2026 08:00 IST,India,Manjeri,97,Moderate,33.43,
01-10-2026 08:00 IST,India,Silchar,2062,High,100.00,
01-10-2026 08:00 IST,India,Vijayawada,2064,Low,17.54,
01-10-2026 09:00 IST,India,Coimbatore,2019,High,100.00,
01-10-2026 09:00 IST,India,Demow,137,High,100.00,
01-10-2026 09:00 IST,India,Goa,132,Low,22.94,
01-10-2026 09:00 IST,India,Indore,2026,High,100.00,
01-10-2026 09:00 IST,India,Madurai,2027,High,100.00,
01-10-2026 09:00 IST,India,Mangalore,59,Moderate,34.74,
01-10-2026 09:00 IST,India,Manjeri,97,Moderate,33.43,
01-10-2026 09:00 IST,India,Silchar,2062,High,100.00,
01-10-2026 09:00 IST,India,Vijayawada,2064,Low,17.54,
01-10-2026 10:00 IST,India,Coimbatore,2019,High,100.00,
01-10-2026 10:00 IST,India,Demow,137,High,100.00,
01-10-2026 10:00 IST,India,Goa,132,Low,22.94,
01-10-2026 10:00 IST,India,Indore,2026,High,100.00,
01-10-2026 10:00 IST,India,Madurai,2027,High,100.00,
01-10-2026 10:00 IST,India,Mangalore,59,Moderate,34.74,
01-10-2026 10:00 IST,India,Manjeri,97,Moderate,33.43,
01-10-2026 10:00 IST,India,Silchar,2062,High,100.00,
01-10-2026 10:00 IST,India,Vijayawada,2064,Low,17.54,
01-10-2026 11:00 IST,India,Coimbatore,2019,High,100.00,
01-10-2026 11:00 IST,India,Demow,137,High,100.00,
01-10-2026 11:00 IST,India,Goa,132,Low,22.94,
01-10-2026 11:00 IST,India,Indore,2026,High,100.00,
01-10-2026 11:00 IST,India,Madurai,2027,High,100.00,
01-10-2026 11:00 IST,India,Mangalore,59,Moderate,34.74,
01-10-2026 11:00 IST,India,Manjeri,97,Moderate,33.43,
01-10-2026 11:00 IST,India,Silchar,2062,High,100.00,
01-10-2026 11:00 IST,India,Vijayawada,2064,Low,17.54,
01-10-2026 11:20 IST,India,Coimbatore,2019,High,100.00,
01-10-2026 11:20 IST,India,Demow,137,High,100.00,
01-10-2026 11:20 IST,India,Goa,132,Low,22.94,
01-10-2026 11:20 IST,India,Indore,2026,High,100.00,
01-10-2026 11:20 IST,India,Madurai,2027,High,100.00,
01-10-2026 11:20 IST,India,Mangalore,59,Moderate,34.74,
01-10-2026 11:20 IST,India,Manjeri,97,Moderate,33.43,
01-10-2026 11:20 IST,India,Silchar,2062,High,100.00,
01-10-2026 11:20 IST,India,Vijayawada,2064,Low,17.54,
01-10-2026 12:00 IST,India,Coimbatore,2019,High,100.00,
01-10-2026 12:00 IST,India,Demow,137,High,100.00,
01-10-2026 12:00 IST,India,Goa,132,Low,22.94,
01-10-2026 12:00 IST,India,Indore,2026,High,100.00,
01-10-2026 12:00 IST,India,Madurai,2027,High,100.00,
01-10-2026 12:00 IST,India,Mangalore,59,Moderate,34.74,
01-10-2026 12:00 IST,India,Manjeri,97,Moderate,33.43,
01-10-2026 12:00 IST,India,Silchar,2062,High,100.00,
01-10-2026 12:00 IST,India,Vijayawada,2064,Low,17.54,
01-10-2026 13:00 IST,India,Coimbatore,2019,High,100.00,
01-10-2026 13:00 IST,India,Demow,137,High,100.00,
01-10-2026 13:00 IST,India,Goa,132,Low,22.94,
01-10-2026 13:00 IST,India,Indore,2026,High,100.00,
01-10-2026 13:00 IST,India,Madurai,2027,High,100.00,
01-10-2026 13:00 IST,India,Mangalore,59,Moderate,34.74,
01-10-2026 13:00 IST,India,Manjeri,97,Moderate,33.43,
01-10-2026 13:00 IST,India,Silchar,2062,High,100.00,
01-10-2026 13:00 IST,India,Vijayawada,2064,Low,17.54,
01-10-2026 14:00 IST,India,Coimbatore,2019,High,100.00,
01-10-2026 14:00 IST,India,Demow,137,High,100.00,
01-10-2026 14:00 IST,India,Goa,132,Low,22.94,
01-10-2026 14:00 IST,India,Indore,2026,High,100.00,
01-10-2026 14:00 IST,India,Madurai,2027,High,100.00,
01-10-2026 14:00 IST,India,Mangalore,59,Moderate,34.74,
01-10-2026 14:00 IST,India,Manjeri,97,Moderate,33.43,
01-10-2026 14:00 IST,India,Silchar,2062,High,100.00,
01-10-2026 14:00 IST,India,Vijayawada,2064,Low,17.54,
01-10-2026 15:00 IST,India,Coimbatore,2019,High,100.00,
01-10-2026 15:00 IST,India,Demow,137,High,100.00,
01-10-2026 15:00 IST,India,Goa,132,Low,22.91,
01-10-2026 15:00 IST,India,Indore,2026,High,100.00,
01-10-2026 15:00 IST,India,Madurai,2027,High,100.00,
01-10-2026 15:00 IST,India,Mangalore,59,Moderate,34.51,
01-10-2026 15:00 IST,India,Manjeri,97,Moderate,33.28,
01-10-2026 15:00 IST,India,Silchar,2062,High,100.00,
01-10-2026 15:00 IST,India,Vijayawada,2064,Low,17.61,
01-10-2026 16:01 IST,India,Coimbatore,2019,High,100.00,
01-10-2026 16:01 IST,India,Demow,137,High,100.00,
01-10-2026 16:01 IST,India,Goa,132,Low,22.91,
01-10-2026 16:01 IST,India,Indore,2026,High,100.00,
01-10-2026 16:01 IST,India,Madurai,2027,High,100.00,
01-10-2026 16:01 IST,India,Mangalore,59,Moderate,34.51,
01-10-2026 16:01 IST,India,Manjeri,97,Moderate,33.28,
01-10-2026 16:01 IST,India,Silchar,2062,High,100.00,
01-10-2026 16:01 IST,India,Vijayawada,2064,Low,17.61,
01-10-2026 17:00 IST,India,Coimbatore,2019,High,100.00,
01-10-2026 17:00 IST,India,Demow,137,High,100.00,
01-10-2026 17:00 IST,India,Goa,132,Low,22.91,
01-10-2026 17:00 IST,India,Indore,2026,High,100.00,
01-10-2026 17:00 IST,India,Madurai,2027,High,100.00,
01-10-2026 17:00 IST,India,Mangalore,59,Moderate,34.51,
01-10-2026 17:00 IST,India,Manjeri,97,Moderate,33.28,
01-10-2026 17:00 IST,India,Silchar,2062,High,100.00,
01-10-2026 17:00 IST,India,Vijayawada,2064,Low,17.61,
01-10-2026 18:01 IST,India,Coimbatore,2019,High,100.00,
01-10-2026 18:01 IST,India,Demow,137,High,100.00,
01-10-2026 18:01 IST,India,Goa,132,Low,22.91,
01-10-2026 18:01 IST,India,Indore,2026,High,100.00,
01-10-2026 18:01 IST,India,Madurai,2027,High,100.00,
01-10-2026 18:01 IST,India,Mangalore,59,Moderate,34.51,
01-10-2026 18:01 IST,India,Manjeri,97,Moderate,33.28,
01-10-2026 18:01 IST,India,Silchar,2062,High,100.00,
01-10-2026 18:01 IST,India,Vijayawada,2064,Low,17.61,
01-10-2026 18:41 IST,India,Coimbatore,2019,High,100.00,
01-10-2026 18:41 IST,India,Demow,137,High,100.00,
01-10-2026 18:41 IST,India,Goa,132,Low,22.91,
01-10-2026 18:41 IST,India,Indore,2026,High,100.00,
01-10-2026 18:41 IST,India,Madurai,2027,High,100.00,
01-10-2026 18:41 IST,India,Mangalore,59,Moderate,34.51,
01-10-2026 18:41 IST,India,Manjeri,97,Moderate,33.28,
01-10-2026 18:41 IST,India,Silchar,2062,High,100.00,
01-10-2026 18:41 IST,India,Vijayawada,2064,Low,17.61,
01-10-2026 19:00 IST,India,Coimbatore,2019,High,100.00,
01-10-2026 19:00 IST,India,Demow,137,High,100.00,
01-10-2026 19:00 IST,India,Goa,132,Low,22.91,
01-10-2026 19:00 IST,India,Indore,2026,High,100.00,
01-10-2026 19:00 IST,India,Madurai,2027,High,100.00,
01-10-2026 19:00 IST,India,Mangalore,59,Moderate,34.51,
01-10-2026 19:00 IST,India,Manjeri,97,Moderate,33.28,
01-10-2026 19:00 IST,India,Silchar,2062,High,100.00,
01-10-2026 19:00 IST,India,Vijayawada,2064,Low,17.61,
01-10-2026 20:00 IST,India,Coimbatore,2019,High,100.00,
01-10-2026 20:00 IST,India,Demow,137,High,100.00,
01-10-2026 20:00 IST,India,Goa,132,Low,22.91,
01-10-2026 20:00 IST,India,Indore,2026,High,100.00,
01-10-2026 20:00 IST,India,Madurai,2027,High,100.00,
01-10-2026 20:00 IST,India,Mangalore,59,Moderate,34.51,
01-10-2026 20:00 IST,India,Manjeri,97,Moderate,33.28,
01-10-2026 20:00 IST,India,Silchar,2062,High,100.00,
01-10-2026 20:00 IST,India,Vijayawada,2064,Low,17.61,
01-10-2026 21:01 IST,India,Coimbatore,2019,High,100.00,
01-10-2026 21:01 IST,India,Demow,137,High,100.00,
01-10-2026 21:01 IST,India,Goa,132,Low,22.91,
01-10-2026 21:01 IST,India,Indore,2026,High,100.00,
01-10-2026 21:01 IST,India,Madurai,2027,High,100.00,
01-10-2026 21:01 IST,India,Mangalore,59,Moderate,34.51,
01-10-2026 21:01 IST,India,Manjeri,97,Moderate,33.28,
01-10-2026 21:01 IST,India,Silchar,2062,High,100.00,
01-10-2026 21:01 IST,India,Vijayawada,2064,Low,17.61,
01-10-2026 22:00 IST,India,Coimbatore,2019,High,100.00,
01-10-2026 22:00 IST,India,Demow,137,High,100.00,
01-10-2026 22:00 IST,India,Goa,132,Low,22.91,
01-10-2026 22:00 IST,India,Indore,2026,High,100.00,
01-10-2026 22:00 IST,India,Madurai,2027,High,100.00,
01-10-2026 22:00 IST,India,Mangalore,59,Moderate,34.51,
01-10-2026 22:00 IST,India,Manjeri,97,Moderate,33.28,
01-10-2026 22:00 IST,India,Silchar,2062,High,100.00,
01-10-2026 22:00 IST,India,Vijayawada,2064,Low,17.61,
01-10-2026 23:00 IST,India,Coimbatore,2019,High,100.00,
01-10-2026 23:00 IST,India,Demow,137,High,100.00,
01-10-2026 23:00 IST,India,Goa,132,Low,22.91,
01-10-2026 23:00 IST,India,Indore,2026,High,100.00,
01-10-2026 23:00 IST,India,Madurai,2027,High,100.00,
01-10-2026 23:00 IST,India,Mangalore,59,Moderate,34.51,
01-10-2026 23:00 IST,India,Manjeri,97,Moderate,33.28,
01-10-2026 23:00 IST,India,Silchar,2062,High,100.00,
01-10-2026 23:00 IST,India,Vijayawada,2064,Low,17.61,
02-10-2026 00:00 IST,India,Coimbatore,2019,High,100.00,
02-10-2026 00:00 IST,India,Demow,137,High,100.00,
02-10-2026 00:00 IST,India,Goa,132,Low,22.91,
02-10-2026 00:00 IST,India,Indore,2026,High,100.00,
02-10-2026 00:00 IST,India,Madurai,2027,High,100.00,
02-10-2026 00:00 IST,India,Mangalore,59,Moderate,34.51,
02-10-2026 00:00 IST,India,Manjeri,97,Moderate,33.28,
02-10-2026 00:00 IST,India,Silchar,2062,High,100.00,
02-10-2026 00:00 IST,India,Vijayawada,2064,Low,17.61,
02-10-2026 00:23 IST,India,Coimbatore,2019,High,100.00,
02-10-2026 00:23 IST,India,Demow,137,High,100.00,
02-10-2026 00:23 IST,India,Goa,132,Low,22.91,
02-10-2026 00:23 IST,India,Indore,2026,High,100.00,
02-10-2026 00:23 IST,India,Madurai,2027,High,100.00,
02-10-2026 00:23 IST,India,Mangalore,59,Moderate,34.51,
02-10-2026 00:23 IST,India,Manjeri,97,Moderate,33.28,
02-10-2026 00:23 IST,India,Silchar,2062,High,100.00,
02-10-2026 00:23 IST,India,Vijayawada,2064,Low,17.61,
02-10-2026 01:05 IST,India,Coimbatore,2019,High,100.00,
02-10-2026 01:05 IST,India,Demow,137,High,100.00,
02-10-2026 01:05 IST,India,Goa,132,Low,22.91,
02-10-2026 01:05 IST,India,Indore,2026,High,100.00,
02-10-2026 01:05 IST,India,Madurai,2027,High,100.00,
02-10-2026 01:05 IST,India,Mangalore,59,Moderate,34.51,
02-10-2026 01:05 IST,India,Manjeri,97,Moderate,33.28,
02-10-2026 01:05 IST,India,Silchar,2062,High,100.00,
02-10-2026 01:05 IST,India,Vijayawada,2064,Low,17.61,
02-10-2026 02:01 IST,India,Coimbatore,2019,High,100.00,
02-10-2026 02:01 IST,India,Demow,137,High,100.00,
02-10-2026 02:01 IST,India,Goa,132,Low,22.91,
02-10-2026 02:01 IST,India,Indore,2026,High,100.00,
02-10-2026 02:01 IST,India,Madurai,2027,High,100.00,
02-10-2026 02:01 IST,India,Mangalore,59,Moderate,34.51,
02-10-2026 02:01 IST,India,Manjeri,97,Moderate,33.28,
02-10-2026 02:01 IST,India,Silchar,2062,High,100.00,
02-10-2026 02:01 IST,India,Vijayawada,2064,Low,17.61,
02-10-2026 03:00 IST,India,Coimbatore,2019,High,100.00,
02-10-2026 03:00 IST,India,Demow,137,High,100.00,
02-10-2026 03:00 IST,India,Goa,132,Low,23.03,
02-10-2026 03:00 IST,India,Indore,2026,High,100.00,
02-10-2026 03:00 IST,India,Madurai,2027,High,100.00,
02-10-2026 03:00 IST,India,Mangalore,59,Moderate,34.68,
02-10-2026 03:00 IST,India,Manjeri,97,Moderate,33.44,
02-10-2026 03:00 IST,India,Silchar,2062,High,100.00,
02-10-2026 03:00 IST,India,Vijayawada,2064,Low,17.73,
02-10-2026 04:00 IST,India,Coimbatore,2019,High,100.00,
02-10-2026 04:00 IST,India,Demow,137,High,100.00,
02-10-2026 04:00 IST,India,Goa,132,Low,23.03,
02-10-2026 04:00 IST,India,Indore,2026,High,100.00,
02-10-2026 04:00 IST,India,Madurai,2027,High,100.00,
02-10-2026 04:00 IST,India,Mangalore,59,Moderate,34.68,
02-10-2026 04:00 IST,India,Manjeri,97,Moderate,33.44,
02-10-2026 04:00 IST,India,Silchar,2062,High,100.00,
02-10-2026 04:00 IST,India,Vijayawada,2064,Low,17.73,
02-10-2026 04:41 IST,India,Coimbatore,2019,High,100.00,
02-10-2026 04:41 IST,India,Demow,137,High,100.00,
02-10-2026 04:41 IST,India,Goa,132,Low,23.03,
02-10-2026 04:41 IST,India,Indore,2026,High,100.00,
02-10-2026 04:41 IST,India,Madurai,2027,High,100.00,
02-10-2026 04:41 IST,India,Mangalore,59,Moderate,34.68,
02-10-2026 04:41 IST,India,Manjeri,97,Moderate,33.44,
02-10-2026 04:41 IST,India,Silchar,2062,High,100.00,
02-10-2026 04:41 IST,India,Vijayawada,2064,Low,17.73,
02-10-2026 05:00 IST,India,Coimbatore,2019,High,100.00,
02-10-2026 05:00 IST,India,Demow,137,High,100.00,
02-10-2026 05:00 IST,India,Goa,132,Low,23.03,
02-10-2026 05:00 IST,India,Indore,2026,High,100.00,
02-10-2026 05:00 IST,India,Madurai,2027,High,100.00,
02-10-2026 05:00 IST,India,Mangalore,59,Moderate,34.68,
02-10-2026 05:00 IST,India,Manjeri,97,Moderate,33.44,
02-10-2026 05:00 IST,India,Silchar,2062,High,100.00,
02-10-2026 05:00 IST,India,Vijayawada,2064,Low,17.73,
02-10-2026 06:00 IST,India,Coimbatore,2019,High,100.00,
02-10-2026 06:00 IST,India,Demow,137,High,100.00,
02-10-2026 06:00 IST,India,Goa,132,Low,23.03,
02-10-2026 06:00 IST,India,Indore,2026,High,100.00,
02-10-2026 06:00 IST,India,Madurai,2027,High,100.00,
02-10-2026 06:00 IST,India,Mangalore,59,Moderate,34.68,
02-10-2026 06:00 IST,India,Manjeri,97,Moderate,33.44,
02-10-2026 06:00 IST,India,Silchar,2062,High,100.00,
02-10-2026 06:00 IST,India,Vijayawada,2064,Low,17.73,
02-10-2026 07:00 IST,India,Coimbatore,2019,High,100.00,
02-10-2026 07:00 IST,India,Demow,137,High,100.00,
02-10-2026 07:00 IST,India,Goa,132,Low,23.03,
02-10-2026 07:00 IST,India,Indore,2026,High,100.00,
02-10-2026 07:00 IST,India,Madurai,2027,High,100.00,
02-10-2026 07:00 IST,India,Mangalore,59,Moderate,34.68,
02-10-2026 07:00 IST,India,Manjeri,97,Moderate,33.44,
02-10-2026 07:00 IST,India,Silchar,2062,High,100.00,
02-10-2026 07:00 IST,India,Vijayawada,2064,Low,17.73,
02-10-2026 07:45 IST,India,Coimbatore,2019,High,100.00,
02-10-2026 07:45 IST,India,Demow,137,High,100.00,
02-10-2026 07:45 IST,India,Goa,132,Low,23.03,
02-10-2026 07:45 IST,India,Indore,2026,High,100.00,
02-10-2026 07:45 IST,India,Madurai,2027,High,100.00,
02-10-2026 07:45 IST,India,Mangalore,59,Moderate,34.68,
02-10-2026 07:45 IST,India,Manjeri,97,Moderate,33.44,
02-10-2026 07:45 IST,India,Silchar,2062,High,100.00,
02-10-2026 07:45 IST,India,Vijayawada,2064,Low,17.73,
02-10-2026 08:00 IST,India,Coimbatore,2019,High,100.00,
02-10-2026 08:00 IST,India,Demow,137,High,100.00,
02-10-2026 08:00 IST,India,Goa,132,Low,23.03,
02-10-2026 08:00 IST,India,Indore,2026,High,100.00,
02-10-2026 08:00 IST,India,Madurai,2027,High,100.00,
02-10-2026 08:00 IST,India,Mangalore,59,Moderate,34.68,
02-10-2026 08:00 IST,India,Manjeri,97,Moderate,33.44,
02-10-2026 08:00 IST,India,Silchar,2062,High,100.00,
02-10-2026 08:00 IST,India,Vijayawada,2064,Low,17.73,
02-10-2026 09:00 IST,India,Coimbatore,2019,High,100.00,
02-10-2026 09:00 IST,India,Demow,137,High,100.00,
02-10-2026 09:00 IST,India,Goa,132,Low,23.03,
02-10-2026 09:00 IST,India,Indore,2026,High,100.00,
02-10-2026 09:00 IST,India,Madurai,2027,High,100.00,
02-10-2026 09:00 IST,India,Mangalore,59,Moderate,34.68,
02-10-2026 09:00 IST,India,Manjeri,97,Moderate,33.44,
02-10-2026 09:00 IST,India,Silchar,2062,High,100.00,
02-10-2026 09:00 IST,India,Vijayawada,2064,Low,17.73,
02-10-2026 10:00 IST,India,Coimbatore,2019,High,100.00,
02-10-2026 10:00 IST,India,Demow,137,High,100.00,
02-10-2026 10:00 IST,India,Goa,132,Low,23.03,
02-10-2026 10:00 IST,India,Indore,2026,High,100.00,
02-10-2026 10:00 IST,India,Madurai,2027,High,100.00,
02-10-2026 10:00 IST,India,Mangalore,59,Moderate,34.68,
02-10-2026 10:00 IST,India,Manjeri,97,Moderate,33.44,
02-10-2026 10:00 IST,India,Silchar,2062,High,100.00,
02-10-2026 10:00 IST,India,Vijayawada,2064,Low,17.73,
02-10-2026 11:00 IST,India,Coimbatore,2019,High,100.00,
02-10-2026 11:00 IST,India,Demow,137,High,100.00,
02-10-2026 11:00 IST,India,Goa,132,Low,23.03,
02-10-2026 11:00 IST,India,Indore,2026,High,100.00,
02-10-2026 11:00 IST,India,Madurai,2027,High,100.00,
02-10-2026 11:00 IST,India,Mangalore,59,Moderate,34.68,
02-10-2026 11:00 IST,India,Manjeri,97,Moderate,33.44,
02-10-2026 11:00 IST,India,Silchar,2062,High,100.00,
02-10-2026 11:00 IST,India,Vijayawada,2064,Low,17.73,
02-10-2026 12:00 IST,India,Coimbatore,2019,High,100.00,
02-10-2026 12:00 IST,India,Demow,137,High,100.00,
02-10-2026 12:00 IST,India,Goa,132,Low,23.03,
02-10-2026 12:00 IST,India,Indore,2026,High,100.00,
02-10-2026 12:00 IST,India,Madurai,2027,High,100.00,
02-10-2026 12:00 IST,India,Mangalore,59,Moderate,34.68,
02-10-2026 12:00 IST,India,Manjeri,97,Moderate,33.44,
02-10-2026 12:00 IST,India,Silchar,2062,High,100.00,
02-10-2026 12:00 IST,India,Vijayawada,2064,Low,17.73,
02-10-2026 13:00 IST,India,Coimbatore,2019,High,100.00,
02-10-2026 13:00 IST,India,Demow,137,High,100.00,
02-10-2026 13:00 IST,India,Goa,132,Low,23.03,
02-10-2026 13:00 IST,India,Indore,2026,High,100.00,
02-10-2026 13:00 IST,India,Madurai,2027,High,100.00,
02-10-2026 13:00 IST,India,Mangalore,59,Moderate,34.68,
02-10-2026 13:00 IST,India,Manjeri,97,Moderate,33.44,
02-10-2026 13:00 IST,India,Silchar,2062,High,100.00,
02-10-2026 13:00 IST,India,Vijayawada,2064,Low,17.73,
02-10-2026 14:00 IST,India,Coimbatore,2019,High,100.00,
02-10-2026 14:00 IST,India,Demow,137,High,100.00,
02-10-2026 14:00 IST,India,Goa,132,Low,23.03,
02-10-2026 14:00 IST,India,Indore,2026,High,100.00,
02-10-2026 14:00 IST,India,Madurai,2027,High,100.00,
02-10-2026 14:00 IST,India,Mangalore,59,Moderate,34.68,
02-10-2026 14:00 IST,India,Manjeri,97,Moderate,33.44,
02-10-2026 14:00 IST,India,Silchar,2062,High,100.00,
02-10-2026 14:00 IST,India,Vijayawada,2064,Low,17.73,
02-10-2026 14:04 IST,India,Coimbatore,2019,High,100.00,
02-10-2026 14:04 IST,India,Demow,137,High,100.00,
02-10-2026 14:04 IST,India,Goa,132,Low,23.03,
02-10-2026 14:04 IST,India,Indore,2026,High,100.00,
02-10-2026 14:04 IST,India,Madurai,2027,High,100.00,
02-10-2026 14:04 IST,India,Mangalore,59,Moderate,34.68,
02-10-2026 14:04 IST,India,Manjeri,97,Moderate,33.44,
02-10-2026 14:04 IST,India,Silchar,2062,High,100.00,
02-10-2026 14:04 IST,India,Vijayawada,2064,Low,17.73,
02-10-2026 15:00 IST,India,Coimbatore,2019,High,100.00,
02-10-2026 15:00 IST,India,Demow,137,High,100.00,
02-10-2026 15:00 IST,India,Goa,132,Low,22.93,
02-10-2026 15:00 IST,India,Indore,2026,High,100.00,
02-10-2026 15:00 IST,India,Madurai,2027,High,100.00,
02-10-2026 15:00 IST,India,Mangalore,59,Moderate,34.21,
02-10-2026 15:00 IST,India,Manjeri,97,Moderate,33.32,
02-10-2026 15:00 IST,India,Silchar,2062,High,100.00,
02-10-2026 15:00 IST,India,Vijayawada,2064,Low,17.73,
02-10-2026 16:00 IST,India,Coimbatore,2019,High,100.00,
02-10-2026 16:00 IST,India,Demow,137,High,100.00,
02-10-2026 16:00 IST,India,Goa,132,Low,22.93,
02-10-2026 16:00 IST,India,Indore,2026,High,100.00,
02-10-2026 16:00 IST,India,Madurai,2027,High,100.00,
02-10-2026 16:00 IST,India,Mangalore,59,Moderate,34.21,
02-10-2026 16:00 IST,India,Manjeri,97,Moderate,33.32,
02-10-2026 16:00 IST,India,Silchar,2062,High,100.00,
02-10-2026 16:00 IST,India,Vijayawada,2064,Low,17.73,
02-10-2026 17:00 IST,India,Coimbatore,2019,High,100.00,
02-10-2026 17:00 IST,India,Demow,137,High,100.00,
02-10-2026 17:00 IST,India,Goa,132,Low,22.93,
02-10-2026 17:00 IST,India,Indore,2026,High,100.00,
02-10-2026 17:00 IST,India,Madurai,2027,High,100.00,
02-10-2026 17:00 IST,India,Mangalore,59,Moderate,34.21,
02-10-2026 17:00 IST,India,Manjeri,97,Moderate,33.32,
02-10-2026 17:00 IST,India,Silchar,2062,High,100.00,
02-10-2026 17:00 IST,India,Vijayawada,2064,Low,17.73,
02-10-2026 18:00 IST,India,Coimbatore,2019,High,100.00,
02-10-2026 18:00 IST,India,Demow,137,High,100.00,
02-10-2026 18:00 IST,India,Goa,132,Low,22.93,
02-10-2026 18:00 IST,India,Indore,2026,High,100.00,
02-10-2026 18:00 IST,India,Madurai,2027,High,100.00,
02-10-2026 18:00 IST,India,Mangalore,59,Moderate,34.21,
02-10-2026 18:00 IST,India,Manjeri,97,Moderate,33.32,
02-10-2026 18:00 IST,India,Silchar,2062,High,100.00,
02-10-2026 18:00 IST,India,Vijayawada,2064,Low,17.73,
02-10-2026 19:00 IST,India,Coimbatore,2019,High,100.00,
02-10-2026 19:00 IST,India,Demow,137,High,100.00,
02-10-2026 19:00 IST,India,Goa,132,Low,22.93,
02-10-2026 19:00 IST,India,Indore,2026,High,100.00,
02-10-2026 19:00 IST,India,Madurai,2027,High,100.00,
02-10-2026 19:00 IST,India,Mangalore,59,Moderate,34.21,
02-10-2026 19:00 IST,India,Manjeri,97,Moderate,33.32,
02-10-2026 19:00 IST,India,Silchar,2062,High,100.00,
02-10-2026 19:00 IST,India,Vijayawada,2064,Low,17.73,
02-10-2026 20:01 IST,India,Coimbatore,2019,High,100.00,
02-10-2026 20:01 IST,India,Demow,137,High,100.00,
02-10-2026 20:01 IST,India,Goa,132,Low,22.93,
02-10-2026 20:01 IST,India,Indore,2026,High,100.00,
02-10-2026 20:01 IST,India,Madurai,2027,High,100.00,
02-10-2026 20:01 IST,India,Mangalore,59,Moderate,34.21,
02-10-2026 20:01 IST,India,Manjeri,97,Moderate,33.32,
02-10-2026 20:01 IST,India,Silchar,2062,High,100.00,
02-10-2026 20:01 IST,India,Vijayawada,2064,Low,17.73,
02-10-2026 21:00 IST,India,Coimbatore,2019,High,100.00,
02-10-2026 21:00 IST,India,Demow,137,High,100.00,
02-10-2026 21:00 IST,India,Goa,132,Low,22.93,
02-10-2026 21:00 IST,India,Indore,2026,High,100.00,
02-10-2026 21:00 IST,India,Madurai,2027,High,100.00,
02-10-2026 21:00 IST,India,Mangalore,59,Moderate,34.21,
02-10-2026 21:00 IST,India,Manjeri,97,Moderate,33.32,
02-10-2026 21:00 IST,India,Silchar,2062,High,100.00,
02-10-2026 21:00 IST,India,Vijayawada,2064,Low,17.73,
02-10-2026 21:18 IST,India,Coimbatore,2019,High,100.00,
02-10-2026 21:18 IST,India,Demow,137,High,100.00,
02-10-2026 21:18 IST,India,Goa,132,Low,22.93,
02-10-2026 21:18 IST,India,Indore,2026,High,100.00,
02-10-2026 21:18 IST,India,Madurai,2027,High,100.00,
02-10-2026 21:18 IST,India,Mangalore,59,Moderate,34.21,
02-10-2026 21:18 IST,India,Manjeri,97,Moderate,33.32,
02-10-2026 21:18 IST,India,Silchar,2062,High,100.00,
02-10-2026 21:18 IST,India,Vijayawada,2064,Low,17.73,
02-10-2026 22:01 IST,India,Coimbatore,2019,High,100.00,
02-10-2026 22:01 IST,India,Demow,137,High,100.00,
02-10-2026 22:01 IST,India,Goa,132,Low,22.93,
02-10-2026 22:01 IST,India,Indore,2026,High,100.00,
02-10-2026 22:01 IST,India,Madurai,2027,High,100.00,
02-10-2026 22:01 IST,India,Mangalore,59,Moderate,34.21,
02-10-2026 22:01 IST,India,Manjeri,97,Moderate,33.32,
02-10-2026 22:01 IST,India,Silchar,2062,High,100.00,
02-10-2026 22:01 IST,India,Vijayawada,2064,Low,17.73,
02-10-2026 23:01 IST,India,Coimbatore,2019,High,100.00,
02-10-2026 23:01 IST,India,Demow,137,High,100.00,
02-10-2026 23:01 IST,India,Goa,132,Low,22.93,
02-10-2026 23:01 IST,India,Indore,2026,High,100.00,
02-10-2026 23:01 IST,India,Madurai,2027,High,100.00,
02-10-2026 23:01 IST,India,Mangalore,59,Moderate,34.21,
02-10-2026 23:01 IST,India,Manjeri,97,Moderate,33.32,
02-10-2026 23:01 IST,India,Silchar,2062,High,100.00,
02-10-2026 23:01 IST,India,Vijayawada,2064,Low,17.73,
03-10-2026 00:00 IST,India,Coimbatore,2019,High,100.00,
03-10-2026 00:00 IST,India,Demow,137,High,100.00,
03-10-2026 00:00 IST,India,Goa,132,Low,22.93,
03-10-2026 00:00 IST,India,Indore,2026,High,100.00,
03-10-2026 00:00 IST,India,Madurai,2027,High,100.00,
03-10-2026 00:00 IST,India,Mangalore,59,Moderate,34.21,
03-10-2026 00:00 IST,India,Manjeri,97,Moderate,33.32,
03-10-2026 00:00 IST,India,Silchar,2062,High,100.00,
03-10-2026 00:00 IST,India,Vijayawada,2064,Low,17.73,
03-10-2026 01:00 IST,India,Coimbatore,2019,High,100.00,
03-10-2026 01:00 IST,India,Demow,137,High,100.00,
03-10-2026 01:00 IST,India,Goa,132,Low,22.93,
03-10-2026 01:00 IST,India,Indore,2026,High,100.00,
03-10-2026 01:00 IST,India,Madurai,2027,High,100.00,
03-10-2026 01:00 IST,India,Mangalore,59,Moderate,34.21,
03-10-2026 01:00 IST,India,Manjeri,97,Moderate,33.32,
03-10-2026 01:00 IST,India,Silchar,2062,High,100.00,
03-10-2026 01:00 IST,India,Vijayawada,2064,Low,17.73,
03-10-2026 02:00 IST,India,Coimbatore,2019,High,100.00,
03-10-2026 02:00 IST,India,Demow,137,High,100.00,
03-10-2026 02:00 IST,India,Goa,132,Low,22.93,
03-10-2026 02:00 IST,India,Indore,2026,High,100.00,
03-10-2026 02:00 IST,India,Madurai,2027,High,100.00,
03-10-2026 02:00 IST,India,Mangalore,59,Moderate,34.21,
03-10-2026 02:00 IST,India,Manjeri,97,Moderate,33.32,
03-10-2026 02:00 IST,India,Silchar,2062,High,100.00,
03-10-2026 02:00 IST,India,Vijayawada,2064,Low,17.73,
03-10-2026 02:13 IST,India,Coimbatore,2019,High,100.00,
03-10-2026 02:13 IST,India,Demow,137,High,100.00,
03-10-2026 02:13 IST,India,Goa,132,Low,22.93,
03-10-2026 02:13 IST,India,Indore,2026,High,100.00,
03-10-2026 02:13 IST,India,Madurai,2027,High,100.00,
03-10-2026 02:13 IST,India,Mangalore,59,Moderate,34.21,
03-10-2026 02:13 IST,India,Manjeri,97,Moderate,33.32,
03-10-2026 02:13 IST,India,Silchar,2062,High,100.00,
03-10-2026 02:13 IST,India,Vijayawada,2064,Low,17.73,
03-10-2026 03:00 IST,India,Coimbatore,2019,High,100.00,
03-10-2026 03:00 IST,India,Demow,137,High,100.00,
03-10-2026 03:00 IST,India,Goa,132,Low,23.01,
03-10-2026 03:00 IST,India,Indore,2026,High,100.00,
03-10-2026 03:00 IST,India,Madurai,2027,High,100.00,
03-10-2026 03:00 IST,India,Mangalore,59,Moderate,34.19,
03-10-2026 03:00 IST,India,Manjeri,97,Moderate,33.38,
03-10-2026 03:00 IST,India,Silchar,2062,High,100.00,
03-10-2026 03:00 IST,India,Vijayawada,2064,Low,17.73,
03-10-2026 04:00 IST,India,Coimbatore,2019,High,100.00,
03-10-2026 04:00 IST,India,Demow,137,High,100.00,
03-10-2026 04:00 IST,India,Goa,132,Low,23.01,
03-10-2026 04:00 IST,India,Indore,2026,High,100.00,
03-10-2026 04:00 IST,India,Madurai,2027,High,100.00,
03-10-2026 04:00 IST,India,Mangalore,59,Moderate,34.19,
03-10-2026 04:00 IST,India,Manjeri,97,Moderate,33.38,
03-10-2026 04:00 IST,India,Silchar,2062,High,100.00,
03-10-2026 04:00 IST,India,Vijayawada,2064,Low,17.73,
03-10-2026 05:00 IST,India,Coimbatore,2019,High,100.00,
03-10-2026 05:00 IST,India,Demow,137,High,100.00,
03-10-2026 05:00 IST,India,Goa,132,Low,23.01,
03-10-2026 05:00 IST,India,Indore,2026,High,100.00,
03-10-2026 05:00 IST,India,Madurai,2027,High,100.00,
03-10-2026 05:00 IST,India,Mangalore,59,Moderate,34.19,
03-10-2026 05:00 IST,India,Manjeri,97,Moderate,33.38,
03-10-2026 05:00 IST,India,Silchar,2062,High,100.00,
03-10-2026 05:00 IST,India,Vijayawada,2064,Low,17.73,
03-10-2026 05:59 IST,India,Coimbatore,2019,High,100.00,
03-10-2026 05:59 IST,India,Demow,137,High,100.00,
03-10-2026 05:59 IST,India,Goa,132,Low,23.01,
03-10-2026 05:59 IST,India,Indore,2026,High,100.00,
03-10-2026 05:59 IST,India,Madurai,2027,High,100.00,
03-10-2026 05:59 IST,India,Mangalore,59,Moderate,34.19,
03-10-2026 05:59 IST,India,Manjeri,97,Moderate,33.38,
03-10-2026 05:59 IST,India,Silchar,2062,High,100.00,
03-10-2026 05:59 IST,India,Vijayawada,2064,Low,17.73,
03-10-2026 06:00 IST,India,Coimbatore,2019,High,100.00,
03-10-2026 06:00 IST,India,Demow,137,High,100.00,
03-10-2026 06:00 IST,India,Goa,132,Low,23.01,
03-10-2026 06:00 IST,India,Indore,2026,High,100.00,
03-10-2026 06:00 IST,India,Madurai,2027,High,100.00,
03-10-2026 06:00 IST,India,Mangalore,59,Moderate,34.19,
03-10-2026 06:00 IST,India,Manjeri,97,Moderate,33.38,
03-10-2026 06:00 IST,India,Silchar,2062,High,100.00,
03-10-2026 06:00 IST,India,Vijayawada,2064,Low,17.73,
03-10-2026 07:00 IST,India,Coimbatore,2019,High,100.00,
03-10-2026 07:00 IST,India,Demow,137,High,100.00,
03-10-2026 07:00 IST,India,Goa,132,Low,23.01,
03-10-2026 07:00 IST,India,Indore,2026,High,100.00,
03-10-2026 07:00 IST,India,Madurai,2027,High,100.00,
03-10-2026 07:00 IST,India,Mangalore,59,Moderate,34.19,
03-10-2026 07:00 IST,India,Manjeri,97,Moderate,33.38,
03-10-2026 07:00 IST,India,Silchar,2062,High,100.00,
03-10-2026 07:00 IST,India,Vijayawada,2064,Low,17.73,
03-10-2026 08:00 IST,India,Coimbatore,2019,High,100.00,
03-10-2026 08:00 IST,India,Demow,137,High,100.00,
03-10-2026 08:00 IST,India,Goa,132,Low,23.01,
03-10-2026 08:00 IST,India,Indore,2026,High,100.00,
03-10-2026 08:00 IST,India,Madurai,2027,High,100.00,
03-10-2026 08:00 IST,India,Mangalore,59,Moderate,34.19,
03-10-2026 08:00 IST,India,Manjeri,97,Moderate,33.38,
03-10-2026 08:00 IST,India,Silchar,2062,High,100.00,
03-10-2026 08:00 IST,India,Vijayawada,2064,Low,17.73,
03-10-2026 09:01 IST,India,Coimbatore,2019,High,100.00,
03-10-2026 09:01 IST,India,Demow,137,High,100.00,
03-10-2026 09:01 IST,India,Goa,132,Low,23.01,
03-10-2026 09:01 IST,India,Indore,2026,High,100.00,
03-10-2026 09:01 IST,India,Madurai,2027,High,100.00,
03-10-2026 09:01 IST,India,Mangalore,59,Moderate,34.19,
03-10-2026 09:01 IST,India,Manjeri,97,Moderate,33.38,
03-10-2026 09:01 IST,India,Silchar,2062,High,100.00,
03-10-2026 09:01 IST,India,Vijayawada,2064,Low,17.73,
03-10-2026 10:00 IST,India,Coimbatore,2019,High,100.00,
03-10-2026 10:00 IST,India,Demow,137,High,100.00,
03-10-2026 10:00 IST,India,Goa,132,Low,23.01,
03-10-2026 10:00 IST,India,Indore,2026,High,100.00,
03-10-2026 10:00 IST,India,Madurai,2027,High,100.00,
03-10-2026 10:00 IST,India,Mangalore,59,Moderate,34.19,
03-10-2026 10:00 IST,India,Manjeri,97,Moderate,33.38,
03-10-2026 10:00 IST,India,Silchar,2062,High,100.00,
03-10-2026 10:00 IST,India,Vijayawada,2064,Low,17.73,
03-10-2026 11:00 IST,India,Coimbatore,2019,High,100.00,
03-10-2026 11:00 IST,India,Demow,137,High,100.00,
03-10-2026 11:00 IST,India,Goa,132,Low,23.01,
03-10-2026 11:00 IST,India,Indore,2026,High,100.00,
03-10-2026 11:00 IST,India,Madurai,2027,High,100.00,
03-10-2026 11:00 IST,India,Mangalore,59,Moderate,34.19,
03-10-2026 11:00 IST,India,Manjeri,97,Moderate,33.38,
03-10-2026 11:00 IST,India,Silchar,2062,High,100.00,
03-10-2026 11:00 IST,India,Vijayawada,2064,Low,17.73,
03-10-2026 12:00 IST,India,Coimbatore,2019,High,100.00,
03-10-2026 12:00 IST,India,Demow,137,High,100.00,
03-10-2026 12:00 IST,India,Goa,132,Low,23.01,
03-10-2026 12:00 IST,India,Indore,2026,High,100.00,
03-10-2026 12:00 IST,India,Madurai,2027,High,100.00,
03-10-2026 12:00 IST,India,Mangalore,59,Moderate,34.19,
03-10-2026 12:00 IST,India,Manjeri,97,Moderate,33.38,
03-10-2026 12:00 IST,India,Silchar,2062,High,100.00,
03-10-2026 12:00 IST,India,Vijayawada,2064,Low,17.73,
03-10-2026 12:01 IST,India,Coimbatore,2019,High,100.00,
03-10-2026 12:01 IST,India,Demow,137,High,100.00,
03-10-2026 12:01 IST,India,Goa,132,Low,23.01,
03-10-2026 12:01 IST,India,Indore,2026,High,100.00,
03-10-2026 12:01 IST,India,Madurai,2027,High,100.00,
03-10-2026 12:01 IST,India,Mangalore,59,Moderate,34.19,
03-10-2026 12:01 IST,India,Manjeri,97,Moderate,33.38,
03-10-2026 12:01 IST,India,Silchar,2062,High,100.00,
03-10-2026 12:01 IST,India,Vijayawada,2064,Low,17.73,
03-10-2026 13:00 IST,India,Coimbatore,2019,High,100.00,
03-10-2026 13:00 IST,India,Demow,137,High,100.00,
03-10-2026 13:00 IST,India,Goa,132,Low,23.01,
03-10-2026 13:00 IST,India,Indore,2026,High,100.00,
03-10-2026 13:00 IST,India,Madurai,2027,High,100.00,
03-10-2026 13:00 IST,India,Mangalore,59,Moderate,34.19,
03-10-2026 13:00 IST,India,Manjeri,97,Moderate,33.38,
03-10-2026 13:00 IST,India,Silchar,2062,High,100.00,
03-10-2026 13:00 IST,India,Vijayawada,2064,Low,17.73,
03-10-2026 14:00 IST,India,Coimbatore,2019,High,100.00,
03-10-2026 14:00 IST,India,Demow,137,High,100.00,
03-10-2026 14:00 IST,India,Goa,132,Low,23.01,
03-10-2026 14:00 IST,India,Indore,2026,High,100.00,
03-10-2026 14:00 IST,India,Madurai,2027,High,100.00,
03-10-2026 14:00 IST,India,Mangalore,59,Moderate,34.19,
03-10-2026 14:00 IST,India,Manjeri,97,Moderate,33.38,
03-10-2026 14:00 IST,India,Silchar,2062,High,100.00,
03-10-2026 14:00 IST,India,Vijayawada,2064,Low,17.73,
03-10-2026 15:00 IST,India,Coimbatore,2019,High,100.00,
03-10-2026 15:00 IST,India,Demow,137,High,100.00,
03-10-2026 15:00 IST,India,Goa,132,Low,23.23,
03-10-2026 15:00 IST,India,Indore,2026,High,100.00,
03-10-2026 15:00 IST,India,Madurai,2027,High,100.00,
03-10-2026 15:00 IST,India,Mangalore,59,Moderate,34.31,
03-10-2026 15:00 IST,India,Manjeri,97,Moderate,33.54,
03-10-2026 15:00 IST,India,Silchar,2062,High,100.00,
03-10-2026 15:00 IST,India,Vijayawada,2064,Low,17.77,
03-10-2026 16:00 IST,India,Coimbatore,2019,High,100.00,
03-10-2026 16:00 IST,India,Demow,137,High,100.00,
03-10-2026 16:00 IST,India,Goa,132,Low,23.23,
03-10-2026 16:00 IST,India,Indore,2026,High,100.00,
03-10-2026 16:00 IST,India,Madurai,2027,High,100.00,
03-10-2026 16:00 IST,India,Mangalore,59,Moderate,34.31,
03-10-2026 16:00 IST,India,Manjeri,97,Moderate,33.54,
03-10-2026 16:00 IST,India,Silchar,2062,High,100.00,
03-10-2026 16:00 IST,India,Vijayawada,2064,Low,17.77,
03-10-2026 17:00 IST,India,Coimbatore,2019,High,100.00,
03-10-2026 17:00 IST,India,Demow,137,High,100.00,
03-10-2026 17:00 IST,India,Goa,132,Low,23.23,
03-10-2026 17:00 IST,India,Indore,2026,High,100.00,
03-10-2026 17:00 IST,India,Madurai,2027,High,100.00,
03-10-2026 17:00 IST,India,Mangalore,59,Moderate,34.31,
03-10-2026 17:00 IST,India,Manjeri,97,Moderate,33.54,
03-10-2026 17:00 IST,India,Silchar,2062,High,100.00,
03-10-2026 17:00 IST,India,Vijayawada,2064,Low,17.77,
03-10-2026 18:00 IST,India,Coimbatore,2019,High,100.00,
03-10-2026 18:00 IST,India,Demow,137,High,100.00,
03-10-2026 18:00 IST,India,Goa,132,Low,23.23,
03-10-2026 18:00 IST,India,Indore,2026,High,100.00,
03-10-2026 18:00 IST,India,Madurai,2027,High,100.00,
03-10-2026 18:00 IST,India,Mangalore,59,Moderate,34.31,
03-10-2026 18:00 IST,India,Manjeri,97,Moderate,33.54,
03-10-2026 18:00 IST,India,Silchar,2062,High,100.00,
03-10-2026 18:00 IST,India,Vijayawada,2064,Low,17.77,
03-10-2026 18:02 IST,India,Coimbatore,2019,High,100.00,
03-10-2026 18:02 IST,India,Demow,137,High,100.00,
03-10-2026 18:02 IST,India,Goa,132,Low,23.23,
03-10-2026 18:02 IST,India,Indore,2026,High,100.00,
03-10-2026 18:02 IST,India,Madurai,2027,High,100.00,
03-10-2026 18:02 IST,India,Mangalore,59,Moderate,34.31,
03-10-2026 18:02 IST,India,Manjeri,97,Moderate,33.54,
03-10-2026 18:02 IST,India,Silchar,2062,High,100.00,
03-10-2026 18:02 IST,India,Vijayawada,2064,Low,17.77,
03-10-2026 19:00 IST,India,Coimbatore,2019,High,100.00,
03-10-2026 19:00 IST,India,Demow,137,High,100.00,
03-10-2026 19:00 IST,India,Goa,132,Low,23.23,
03-10-2026 19:00 IST,India,Indore,2026,High,100.00,
03-10-2026 19:00 IST,India,Madurai,2027,High,100.00,
03-10-2026 19:00 IST,India,Mangalore,59,Moderate,34.31,
03-10-2026 19:00 IST,India,Manjeri,97,Moderate,33.54,
03-10-2026 19:00 IST,India,Silchar,2062,High,100.00,
03-10-2026 19:00 IST,India,Vijayawada,2064,Low,17.77,
03-10-2026 20:00 IST,India,Coimbatore,2019,High,100.00,
03-10-2026 20:00 IST,India,Demow,137,High,100.00,
03-10-2026 20:00 IST,India,Goa,132,Low,23.23,
03-10-2026 20:00 IST,India,Indore,2026,High,100.00,
03-10-2026 20:00 IST,India,Madurai,2027,High,100.00,
03-10-2026 20:00 IST,India,Mangalore,59,Moderate,34.31,
03-10-2026 20:00 IST,India,Manjeri,97,Moderate,33.54,
03-10-2026 20:00 IST,India,Silchar,2062,High,100.00,
03-10-2026 20:00 IST,India,Vijayawada,2064,Low,17.77,
03-10-2026 21:00 IST,India,Coimbatore,2019,High,100.00,
03-10-2026 21:00 IST,India,Demow,137,High,100.00,
03-10-2026 21:00 IST,India,Goa,132,Low,23.23,
03-10-2026 21:00 IST,India,Indore,2026,High,100.00,
03-10-2026 21:00 IST,India,Madurai,2027,High,100.00,
03-10-2026 21:00 IST,India,Mangalore,59,Moderate,34.31,
03-10-2026 21:00 IST,India,Manjeri,97,Moderate,33.54,
03-10-2026 21:00 IST,India,Silchar,2062,High,100.00,
03-10-2026 21:00 IST,India,Vijayawada,2064,Low,17.77,
03-10-2026 22:00 IST,India,Coimbatore,2019,High,100.00,
03-10-2026 22:00 IST,India,Demow,137,High,100.00,
03-10-2026 22:00 IST,India,Goa,132,Low,23.23,
03-10-2026 22:00 IST,India,Indore,2026,High,100.00,
03-10-2026 22:00 IST,India,Madurai,2027,High,100.00,
03-10-2026 22:00 IST,India,Mangalore,59,Moderate,34.31,
03-10-2026 22:00 IST,India,Manjeri,97,Moderate,33.54,
03-10-2026 22:00 IST,India,Silchar,2062,High,100.00,
03-10-2026 22:00 IST,India,Vijayawada,2064,Low,17.77,
03-10-2026 22:45 IST,India,Coimbatore,2019,High,100.00,
03-10-2026 22:45 IST,India,Demow,137,High,100.00,
03-10-2026 22:45 IST,India,Goa,132,Low,23.23,
03-10-2026 22:45 IST,India,Indore,2026,High,100.00,
03-10-2026 22:45 IST,India,Madurai,2027,High,100.00,
03-10-2026 22:45 IST,India,Mangalore,59,Moderate,34.31,
03-10-2026 22:45 IST,India,Manjeri,97,Moderate,33.54,
03-10-2026 22:45 IST,India,Silchar,2062,High,100.00,
03-10-2026 22:45 IST,India,Vijayawada,2064,Low,17.77,
03-10-2026 23:00 IST,India,Coimbatore,2019,High,100.00,
03-10-2026 23:00 IST,India,Demow,137,High,100.00,
03-10-2026 23:00 IST,India,Goa,132,Low,23.23,
03-10-2026 23:00 IST,India,Indore,2026,High,100.00,
03-10-2026 23:00 IST,India,Madurai,2027,High,100.00,
03-10-2026 23:00 IST,India,Mangalore,59,Moderate,34.31,
03-10-2026 23:00 IST,India,Manjeri,97,Moderate,33.54,
03-10-2026 23:00 IST,India,Silchar,2062,High,100.00,
03-10-2026 23:00 IST,India,Vijayawada,2064,Low,17.77,
04-10-2026 00:01 IST,India,Coimbatore,2019,High,100.00,
04-10-2026 00:01 IST,India,Demow,137,High,100.00,
04-10-2026 00:01 IST,India,Goa,132,Low,23.23,
04-10-2026 00:01 IST,India,Indore,2026,High,100.00,
04-10-2026 00:01 IST,India,Madurai,2027,High,100.00,
04-10-2026 00:01 IST,India,Mangalore,59,Moderate,34.31,
04-10-2026 00:01 IST,India,Manjeri,97,Moderate,33.54,
04-10-2026 00:01 IST,India,Silchar,2062,High,100.00,
04-10-2026 00:01 IST,India,Vijayawada,2064,Low,17.77,
04-10-2026 01:00 IST,India,Coimbatore,2019,High,100.00,
04-10-2026 01:00 IST,India,Demow,137,High,100.00,
04-10-2026 01:00 IST,India,Goa,132,Low,23.23,
04-10-2026 01:00 IST,India,Indore,2026,High,100.00,
04-10-2026 01:00 IST,India,Madurai,2027,High,100.00,
04-10-2026 01:00 IST,India,Mangalore,59,Moderate,34.31,
04-10-2026 01:00 IST,India,Manjeri,97,Moderate,33.54,
04-10-2026 01:00 IST,India,Silchar,2062,High,100.00,
04-10-2026 01:00 IST,India,Vijayawada,2064,Low,17.77,
04-10-2026 01:27 IST,India,Coimbatore,2019,High,100.00,
04-10-2026 01:27 IST,India,Demow,137,High,100.00,
04-10-2026 01:27 IST,India,Goa,132,Low,23.23,
04-10-2026 01:27 IST,India,Indore,2026,High,100.00,
04-10-2026 01:27 IST,India,Madurai,2027,High,100.00,
04-10-2026 01:27 IST,India,Mangalore,59,Moderate,34.31,
04-10-2026 01:27 IST,India,Manjeri,97,Moderate,33.54,
04-10-2026 01:27 IST,India,Silchar,2062,High,100.00,
04-10-2026 01:27 IST,India,Vijayawada,2064,Low,17.77,
04-10-2026 02:00 IST,India,Coimbatore,2019,High,100.00,
04-10-2026 02:00 IST,India,Demow,137,High,100.00,
04-10-2026 02:00 IST,India,Goa,132,Low,23.23,
04-10-2026 02:00 IST,India,Indore,2026,High,100.00,
04-10-2026 02:00 IST,India,Madurai,2027,High,100.00,
04-10-2026 02:00 IST,India,Mangalore,59,Moderate,34.31,
04-10-2026 02:00 IST,India,Manjeri,97,Moderate,33.54,
04-10-2026 02:00 IST,India,Silchar,2062,High,100.00,
04-10-2026 02:00 IST,India,Vijayawada,2064,Low,17.77,
04-10-2026 03:00 IST,India,Coimbatore,2019,High,100.00,
04-10-2026 03:00 IST,India,Demow,137,High,100.00,
04-10-2026 03:00 IST,India,Goa,132,Low,23.46,
04-10-2026 03:00 IST,India,Indore,2026,High,100.00,
04-10-2026 03:00 IST,India,Madurai,2027,High,100.00,
04-10-2026 03:00 IST,India,Mangalore,59,Moderate,34.41,
04-10-2026 03:00 IST,India,Manjeri,97,Moderate,33.59,
04-10-2026 03:00 IST,India,Silchar,2062,High,100.00,
04-10-2026 03:00 IST,India,Vijayawada,2064,Low,17.88,
04-10-2026 04:00 IST,India,Coimbatore,2019,High,100.00,
04-10-2026 04:00 IST,India,Demow,137,High,100.00,
04-10-2026 04:00 IST,India,Goa,132,Low,23.46,
04-10-2026 04:00 IST,India,Indore,2026,High,100.00,
04-10-2026 04:00 IST,India,Madurai,2027,High,100.00,
04-10-2026 04:00 IST,India,Mangalore,59,Moderate,34.41,
04-10-2026 04:00 IST,India,Manjeri,97,Moderate,33.59,
04-10-2026 04:00 IST,India,Silchar,2062,High,100.00,
04-10-2026 04:00 IST,India,Vijayawada,2064,Low,17.88,
04-10-2026 04:32 IST,India,Coimbatore,2019,High,100.00,
04-10-2026 04:32 IST,India,Demow,137,High,100.00,
04-10-2026 04:32 IST,India,Goa,132,Low,23.46,
04-10-2026 04:32 IST,India,Indore,2026,High,100.00,
04-10-2026 04:32 IST,India,Madurai,2027,High,100.00,
04-10-2026 04:32 IST,India,Mangalore,59,Moderate,34.41,
04-10-2026 04:32 IST,India,Manjeri,97,Moderate,33.59,
04-10-2026 04:32 IST,India,Silchar,2062,High,100.00,
04-10-2026 04:32 IST,India,Vijayawada,2064,Low,17.88,
04-10-2026 05:00 IST,India,Coimbatore,2019,High,100.00,
04-10-2026 05:00 IST,India,Demow,137,High,100.00,
04-10-2026 05:00 IST,India,Goa,132,Low,23.46,
04-10-2026 05:00 IST,India,Indore,2026,High,100.00,
04-10-2026 05:00 IST,India,Madurai,2027,High,100.00,
04-10-2026 05:00 IST,India,Mangalore,59,Moderate,34.41,
04-10-2026 05:00 IST,India,Manjeri,97,Moderate,33.59,
04-10-2026 05:00 IST,India,Silchar,2062,High,100.00,
04-10-2026 05:00 IST,India,Vijayawada,2064,Low,17.88,
04-10-2026 06:00 IST,India,Coimbatore,2019,High,100.00,
04-10-2026 06:00 IST,India,Demow,137,High,100.00,
04-10-2026 06:00 IST,India,Goa,132,Low,23.46,
04-10-2026 06:00 IST,India,Indore,2026,High,100.00,
04-10-2026 06:00 IST,India,Madurai,2027,High,100.00,
04-10-2026 06:00 IST,India,Mangalore,59,Moderate,34.41,
04-10-2026 06:00 IST,India,Manjeri,97,Moderate,33.59,
04-10-2026 06:00 IST,India,Silchar,2062,High,100.00,
04-10-2026 06:00 IST,India,Vijayawada,2064,Low,17.88,
04-10-2026 07:00 IST,India,Coimbatore,2019,High,100.00,
04-10-2026 07:00 IST,India,Demow,137,High,100.00,
04-10-2026 07:00 IST,India,Goa,132,Low,23.46,
04-10-2026 07:00 IST,India,Indore,2026,High,100.00,
04-10-2026 07:00 IST,India,Madurai,2027,High,100.00,
04-10-2026 07:00 IST,India,Mangalore,59,Moderate,34.41,
04-10-2026 07:00 IST,India,Manjeri,97,Moderate,33.59,
04-10-2026 07:00 IST,India,Silchar,2062,High,100.00,
04-10-2026 07:00 IST,India,Vijayawada,2064,Low,17.88,
04-10-2026 08:00 IST,India,Coimbatore,2019,High,100.00,
04-10-2026 08:00 IST,India,Demow,137,High,100.00,
04-10-2026 08:00 IST,India,Goa,132,Low,23.46,
04-10-2026 08:00 IST,India,Indore,2026,High,100.00,
04-10-2026 08:00 IST,India,Madurai,2027,High,100.00,
04-10-2026 08:00 IST,India,Mangalore,59,Moderate,34.41,
04-10-2026 08:00 IST,India,Manjeri,97,Moderate,33.59,
04-10-2026 08:00 IST,India,Silchar,2062,High,100.00,
04-10-2026 08:00 IST,India,Vijayawada,2064,Low,17.88,
04-10-2026 08:07 IST,India,Coimbatore,2019,High,100.00,
04-10-2026 08:07 IST,India,Demow,137,High,100.00,
04-10-2026 08:07 IST,India,Goa,132,Low,23.46,
04-10-2026 08:07 IST,India,Indore,2026,High,100.00,
04-10-2026 08:07 IST,India,Madurai,2027,High,100.00,
04-10-2026 08:07 IST,India,Mangalore,59,Moderate,34.41,
04-10-2026 08:07 IST,India,Manjeri,97,Moderate,33.59,
04-10-2026 08:07 IST,India,Silchar,2062,High,100.00,
04-10-2026 08:07 IST,India,Vijayawada,2064,Low,17.88,
04-10-2026 09:00 IST,India,Coimbatore,2019,High,100.00,
04-10-2026 09:00 IST,India,Demow,137,High,100.00,
04-10-2026 09:00 IST,India,Goa,132,Low,23.46,
04-10-2026 09:00 IST,India,Indore,2026,High,100.00,
04-10-2026 09:00 IST,India,Madurai,2027,High,100.00,
04-10-2026 09:00 IST,India,Mangalore,59,Moderate,34.41,
04-10-2026 09:00 IST,India,Manjeri,97,Moderate,33.59,
04-10-2026 09:00 IST,India,Silchar,2062,High,100.00,
04-10-2026 09:00 IST,India,Vijayawada,2064,Low,17.88,
04-10-2026 10:00 IST,India,Coimbatore,2019,High,100.00,
04-10-2026 10:00 IST,India,Demow,137,High,100.00,
04-10-2026 10:00 IST,India,Goa,132,Low,23.46,
04-10-2026 10:00 IST,India,Indore,2026,High,100.00,
04-10-2026 10:00 IST,India,Madurai,2027,High,100.00,
04-10-2026 10:00 IST,India,Mangalore,59,Moderate,34.41,
04-10-2026 10:00 IST,India,Manjeri,97,Moderate,33.59,
04-10-2026 10:00 IST,India,Silchar,2062,High,100.00,
04-10-2026 10:00 IST,India,Vijayawada,2064,Low,17.88,
04-10-2026 11:00 IST,India,Coimbatore,2019,High,100.00,
04-10-2026 11:00 IST,India,Demow,137,High,100.00,
04-10-2026 11:00 IST,India,Goa,132,Low,23.46,
04-10-2026 11:00 IST,India,Indore,2026,High,100.00,
04-10-2026 11:00 IST,India,Madurai,2027,High,100.00,
04-10-2026 11:00 IST,India,Mangalore,59,Moderate,34.41,
04-10-2026 11:00 IST,India,Manjeri,97,Moderate,33.59,
04-10-2026 11:00 IST,India,Silchar,2062,High,100.00,
04-10-2026 11:00 IST,India,Vijayawada,2064,Low,17.88,
04-10-2026 12:00 IST,India,Coimbatore,2019,High,100.00,
04-10-2026 12:00 IST,India,Demow,137,High,100.00,
04-10-2026 12:00 IST,India,Goa,132,Low,23.46,
04-10-2026 12:00 IST,India,Indore,2026,High,100.00,
04-10-2026 12:00 IST,India,Madurai,2027,High,100.00,
04-10-2026 12:00 IST,India,Mangalore,59,Moderate,34.41,
04-10-2026 12:00 IST,India,Manjeri,97,Moderate,33.59,
04-10-2026 12:00 IST,India,Silchar,2062,High,100.00,
04-10-2026 12:00 IST,India,Vijayawada,2064,Low,17.88,
04-10-2026 13:00 IST,India,Coimbatore,2019,High,100.00,
04-10-2026 13:00 IST,India,Demow,137,High,100.00,
04-10-2026 13:00 IST,India,Goa,132,Low,23.46,
04-10-2026 13:00 IST,India,Indore,2026,High,100.00,
04-10-2026 13:00 IST,India,Madurai,2027,High,100.00,
04-10-2026 13:00 IST,India,Mangalore,59,Moderate,34.41,
04-10-2026 13:00 IST,India,Manjeri,97,Moderate,33.59,
04-10-2026 13:00 IST,India,Silchar,2062,High,100.00,
04-10-2026 13:00 IST,India,Vijayawada,2064,Low,17.88,
04-10-2026 14:00 IST,India,Coimbatore,2019,High,100.00,
04-10-2026 14:00 IST,India,Demow,137,High,100.00,
04-10-2026 14:00 IST,India,Goa,132,Low,23.46,
04-10-2026 14:00 IST,India,Indore,2026,High,100.00,
04-10-2026 14:00 IST,India,Madurai,2027,High,100.00,
04-10-2026 14:00 IST,India,Mangalore,59,Moderate,34.41,
04-10-2026 14:00 IST,India,Manjeri,97,Moderate,33.59,
04-10-2026 14:00 IST,India,Silchar,2062,High,100.00,
04-10-2026 14:00 IST,India,Vijayawada,2064,Low,17.88,
04-10-2026 15:00 IST,India,Coimbatore,2019,High,100.00,
04-10-2026 15:00 IST,India,Demow,137,High,100.00,
04-10-2026 15:00 IST,India,Goa,132,Low,23.32,
04-10-2026 15:00 IST,India,Indore,2026,High,100.00,
04-10-2026 15:00 IST,India,Madurai,2027,High,100.00,
04-10-2026 15:00 IST,India,Mangalore,59,Moderate,33.73,
04-10-2026 15:00 IST,India,Manjeri,97,Moderate,33.11,
04-10-2026 15:00 IST,India,Silchar,2062,High,100.00,
04-10-2026 15:00 IST,India,Vijayawada,2064,Low,17.88,
04-10-2026 15:15 IST,India,Coimbatore,2019,High,100.00,
04-10-2026 15:15 IST,India,Demow,137,High,100.00,
04-10-2026 15:15 IST,India,Goa,132,Low,23.32,
04-10-2026 15:15 IST,India,Indore,2026,High,100.00,
04-10-2026 15:15 IST,India,Madurai,2027,High,100.00,
04-10-2026 15:15 IST,India,Mangalore,59,Moderate,33.73,
04-10-2026 15:15 IST,India,Manjeri,97,Moderate,33.11,
04-10-2026 15:15 IST,India,Silchar,2062,High,100.00,
04-10-2026 15:15 IST,India,Vijayawada,2064,Low,17.88,
04-10-2026 16:00 IST,India,Coimbatore,2019,High,100.00,
04-10-2026 16:00 IST,India,Demow,137,High,100.00,
04-10-2026 16:00 IST,India,Goa,132,Low,23.32,
04-10-2026 16:00 IST,India,Indore,2026,High,100.00,
04-10-2026 16:00 IST,India,Madurai,2027,High,100.00,
04-10-2026 16:00 IST,India,Mangalore,59,Moderate,33.73,
04-10-2026 16:00 IST,India,Manjeri,97,Moderate,33.11,
04-10-2026 16:00 IST,India,Silchar,2062,High,100.00,
04-10-2026 16:00 IST,India,Vijayawada,2064,Low,17.88,
04-10-2026 17:00 IST,India,Coimbatore,2019,High,100.00,
04-10-2026 17:00 IST,India,Demow,137,High,100.00,
04-10-2026 17:00 IST,India,Goa,132,Low,23.32,
04-10-2026 17:00 IST,India,Indore,2026,High,100.00,
04-10-2026 17:00 IST,India,Madurai,2027,High,100.00,
04-10-2026 17:00 IST,India,Mangalore,59,Moderate,33.73,
04-10-2026 17:00 IST,India,Manjeri,97,Moderate,33.11,
04-10-2026 17:00 IST,India,Silchar,2062,High,100.00,
04-10-2026 17:00 IST,India,Vijayawada,2064,Low,17.88,
04-10-2026 18:00 IST,India,Coimbatore,2019,High,100.00,
04-10-2026 18:00 IST,India,Demow,137,High,100.00,
04-10-2026 18:00 IST,India,Goa,132,Low,23.32,
04-10-2026 18:00 IST,India,Indore,2026,High,100.00,
04-10-2026 18:00 IST,India,Madurai,2027,High,100.00,
04-10-2026 18:00 IST,India,Mangalore,59,Moderate,33.73,
04-10-2026 18:00 IST,India,Manjeri,97,Moderate,33.11,
04-10-2026 18:00 IST,India,Silchar,2062,High,100.00,
04-10-2026 18:00 IST,India,Vijayawada,2064,Low,17.88,
04-10-2026 19:00 IST,India,Coimbatore,2019,High,100.00,
04-10-2026 19:00 IST,India,Demow,137,High,100.00,
04-10-2026 19:00 IST,India,Goa,132,Low,23.32,
04-10-2026 19:00 IST,India,Indore,2026,High,100.00,
04-10-2026 19:00 IST,India,Madurai,2027,High,100.00,
04-10-2026 19:00 IST,India,Mangalore,59,Moderate,33.73,
04-10-2026 19:00 IST,India,Manjeri,97,Moderate,33.11,
04-10-2026 19:00 IST,India,Silchar,2062,High,100.00,
04-10-2026 19:00 IST,India,Vijayawada,2064,Low,17.88,
04-10-2026 20:01 IST,India,Coimbatore,2019,High,100.00,
04-10-2026 20:01 IST,India,Demow,137,High,100.00,
04-10-2026 20:01 IST,India,Goa,132,Low,23.32,
04-10-2026 20:01 IST,India,Indore,2026,High,100.00,
04-10-2026 20:01 IST,India,Madurai,2027,High,100.00,
04-10-2026 20:01 IST,India,Mangalore,59,Moderate,33.73,
04-10-2026 20:01 IST,India,Manjeri,97,Moderate,33.11,
04-10-2026 20:01 IST,India,Silchar,2062,High,100.00,
04-10-2026 20:01 IST,India,Vijayawada,2064,Low,17.88,
04-10-2026 20:51 IST,India,Coimbatore,2019,High,100.00,
04-10-2026 20:51 IST,India,Demow,137,High,100.00,
04-10-2026 20:51 IST,India,Goa,132,Low,23.32,
04-10-2026 20:51 IST,India,Indore,2026,High,100.00,
04-10-2026 20:51 IST,India,Madurai,2027,High,100.00,
04-10-2026 20:51 IST,India,Mangalore,59,Moderate,33.73,
04-10-2026 20:51 IST,India,Manjeri,97,Moderate,33.11,
04-10-2026 20:51 IST,India,Silchar,2062,High,100.00,
04-10-2026 20:51 IST,India,Vijayawada,2064,Low,17.88,
04-10-2026 21:00 IST,India,Coimbatore,2019,High,100.00,
04-10-2026 21:00 IST,India,Demow,137,High,100.00,
04-10-2026 21:00 IST,India,Goa,132,Low,23.32,
04-10-2026 21:00 IST,India,Indore,2026,High,100.00,
04-10-2026 21:00 IST,India,Madurai,2027,High,100.00,
04-10-2026 21:00 IST,India,Mangalore,59,Moderate,33.73,
04-10-2026 21:00 IST,India,Manjeri,97,Moderate,33.11,
04-10-2026 21:00 IST,India,Silchar,2062,High,100.00,
04-10-2026 21:00 IST,India,Vijayawada,2064,Low,17.88,
04-10-2026 22:00 IST,India,Coimbatore,2019,High,100.00,
04-10-2026 22:00 IST,India,Demow,137,High,100.00,
04-10-2026 22:00 IST,India,Goa,132,Low,23.32,
04-10-2026 22:00 IST,India,Indore,2026,High,100.00,
04-10-2026 22:00 IST,India,Madurai,2027,High,100.00,
04-10-2026 22:00 IST,India,Mangalore,59,Moderate,33.73,
04-10-2026 22:00 IST,India,Manjeri,97,Moderate,33.11,
04-10-2026 22:00 IST,India,Silchar,2062,High,100.00,
04-10-2026 22:00 IST,India,Vijayawada,2064,Low,17.88,
04-10-2026 23:00 IST,India,Coimbatore,2019,High,100.00,
04-10-2026 23:00 IST,India,Demow,137,High,100.00,
04-10-2026 23:00 IST,India,Goa,132,Low,23.32,
04-10-2026 23:00 IST,India,Indore,2026,High,100.00,
04-10-2026 23:00 IST,India,Madurai,2027,High,100.00,
04-10-2026 23:00 IST,India,Mangalore,59,Moderate,33.73,
04-10-2026 23:00 IST,India,Manjeri,97,Moderate,33.11,
04-10-2026 23:00 IST,India,Silchar,2062,High,100.00,
04-10-2026 23:00 IST,India,Vijayawada,2064,Low,17.88,
05-10-2026 00:00 IST,India,Coimbatore,2019,High,100.00,
05-10-2026 00:00 IST,India,Demow,137,High,100.00,
05-10-2026 00:00 IST,India,Goa,132,Low,23.32,
05-10-2026 00:00 IST,India,Indore,2026,High,100.00,
05-10-2026 00:00 IST,India,Madurai,2027,High,100.00,
05-10-2026 00:00 IST,India,Mangalore,59,Moderate,33.73,
05-10-2026 00:00 IST,India,Manjeri,97,Moderate,33.11,
05-10-2026 00:00 IST,India,Silchar,2062,High,100.00,
05-10-2026 00:00 IST,India,Vijayawada,2064,Low,17.88,
05-10-2026 01:00 IST,India,Coimbatore,2019,High,100.00,
05-10-2026 01:00 IST,India,Demow,137,High,100.00,
05-10-2026 01:00 IST,India,Goa,132,Low,23.32,
05-10-2026 01:00 IST,India,Indore,2026,High,100.00,
05-10-2026 01:00 IST,India,Madurai,2027,High,100.00,
05-10-2026 01:00 IST,India,Mangalore,59,Moderate,33.73,
05-10-2026 01:00 IST,India,Manjeri,97,Moderate,33.11,
05-10-2026 01:00 IST,India,Silchar,2062,High,100.00,
05-10-2026 01:00 IST,India,Vijayawada,2064,Low,17.88,
05-10-2026 01:06 IST,India,Coimbatore,2019,High,100.00,
05-10-2026 01:06 IST,India,Demow,137,High,100.00,
05-10-2026 01:06 IST,India,Goa,132,Low,23.32,
05-10-2026 01:06 IST,India,Indore,2026,High,100.00,
05-10-2026 01:06 IST,India,Madurai,2027,High,100.00,
05-10-2026 01:06 IST,India,Mangalore,59,Moderate,33.73,
05-10-2026 01:06 IST,India,Manjeri,97,Moderate,33.11,
05-10-2026 01:06 IST,India,Silchar,2062,High,100.00,
05-10-2026 01:06 IST,India,Vijayawada,2064,Low,17.88,
05-10-2026 02:00 IST,India,Coimbatore,2019,High,100.00,
05-10-2026 02:00 IST,India,Demow,137,High,100.00,
05-10-2026 02:00 IST,India,Goa,132,Low,23.32,
05-10-2026 02:00 IST,India,Indore,2026,High,100.00,
05-10-2026 02:00 IST,India,Madurai,2027,High,100.00,
05-10-2026 02:00 IST,India,Mangalore,59,Moderate,33.73,
05-10-2026 02:00 IST,India,Manjeri,97,Moderate,33.11,
05-10-2026 02:00 IST,India,Silchar,2062,High,100.00,
05-10-2026 02:00 IST,India,Vijayawada,2064,Low,17.88,
05-10-2026 03:00 IST,India,Coimbatore,2019,High,100.00,
05-10-2026 03:00 IST,India,Demow,137,High,100.00,
05-10-2026 03:00 IST,India,Goa,132,Low,23.37,
05-10-2026 03:00 IST,India,Indore,2026,High,100.00,
05-10-2026 03:00 IST,India,Madurai,2027,High,100.00,
05-10-2026 03:00 IST,India,Mangalore,59,Moderate,33.73,
05-10-2026 03:00 IST,India,Manjeri,97,Moderate,33.11,
05-10-2026 03:00 IST,India,Silchar,2062,High,100.00,
05-10-2026 03:00 IST,India,Vijayawada,2064,Low,17.88,
05-10-2026 04:00 IST,India,Coimbatore,2019,High,100.00,
05-10-2026 04:00 IST,India,Demow,137,High,100.00,
05-10-2026 04:00 IST,India,Goa,132,Low,23.37,
05-10-2026 04:00 IST,India,Indore,2026,High,100.00,
05-10-2026 04:00 IST,India,Madurai,2027,High,100.00,
05-10-2026 04:00 IST,India,Mangalore,59,Moderate,33.73,
05-10-2026 04:00 IST,India,Manjeri,97,Moderate,33.11,
05-10-2026 04:00 IST,India,Silchar,2062,High,100.00,
05-10-2026 04:00 IST,India,Vijayawada,2064,Low,17.88,
05-10-2026 04:38 IST,India,Coimbatore,2019,High,100.00,
05-10-2026 04:38 IST,India,Demow,137,High,100.00,
05-10-2026 04:38 IST,India,Goa,132,Low,23.37,
05-10-2026 04:38 IST,India,Indore,2026,High,100.00,
05-10-2026 04:38 IST,India,Madurai,2027,High,100.00,
05-10-2026 04:38 IST,India,Mangalore,59,Moderate,33.73,
05-10-2026 04:38 IST,India,Manjeri,97,Moderate,33.11,
05-10-2026 04:38 IST,India,Silchar,2062,High,100.00,
05-10-2026 04:38 IST,India,Vijayawada,2064,Low,17.88,
05-10-2026 05:00 IST,India,Coimbatore,2019,High,100.00,
05-10-2026 05:00 IST,India,Demow,137,High,100.00,
05-10-2026 05:00 IST,India,Goa,132,Low,23.37,
05-10-2026 05:00 IST,India,Indore,2026,High,100.00,
05-10-2026 05:00 IST,India,Madurai,2027,High,100.00,
05-10-2026 05:00 IST,India,Mangalore,59,Moderate,33.73,
05-10-2026 05:00 IST,India,Manjeri,97,Moderate,33.11,
05-10-2026 05:00 IST,India,Silchar,2062,High,100.00,
05-10-2026 05:00 IST,India,Vijayawada,2064,Low,17.88,
05-10-2026 06:00 IST,India,Coimbatore,2019,High,100.00,
05-10-2026 06:00 IST,India,Demow,137,High,100.00,
05-10-2026 06:00 IST,India,Goa,132,Low,23.37,
05-10-2026 06:00 IST,India,Indore,2026,High,100.00,
05-10-2026 06:00 IST,India,Madurai,2027,High,100.00,
05-10-2026 06:00 IST,India,Mangalore,59,Moderate,33.73,
05-10-2026 06:00 IST,India,Manjeri,97,Moderate,33.11,
05-10-2026 06:00 IST,India,Silchar,2062,High,100.00,
05-10-2026 06:00 IST,India,Vijayawada,2064,Low,17.88,
05-10-2026 07:00 IST,India,Coimbatore,2019,High,100.00,
05-10-2026 07:00 IST,India,Demow,137,High,100.00,
05-10-2026 07:00 IST,India,Goa,132,Low,23.37,
05-10-2026 07:00 IST,India,Indore,2026,High,100.00,
05-10-2026 07:00 IST,India,Madurai,2027,High,100.00,
05-10-2026 07:00 IST,India,Mangalore,59,Moderate,33.73,
05-10-2026 07:00 IST,India,Manjeri,97,Moderate,33.11,
05-10-2026 07:00 IST,India,Silchar,2062,High,100.00,
05-10-2026 07:00 IST,India,Vijayawada,2064,Low,17.88,
05-10-2026 07:29 IST,India,Coimbatore,2019,High,100.00,
05-10-2026 07:29 IST,India,Demow,137,High,100.00,
05-10-2026 07:29 IST,India,Goa,132,Low,23.37,
05-10-2026 07:29 IST,India,Indore,2026,High,100.00,
05-10-2026 07:29 IST,India,Madurai,2027,High,100.00,
05-10-2026 07:29 IST,India,Mangalore,59,Moderate,33.73,
05-10-2026 07:29 IST,India,Manjeri,97,Moderate,33.11,
05-10-2026 07:29 IST,India,Silchar,2062,High,100.00,
05-10-2026 07:29 IST,India,Vijayawada,2064,Low,17.88,
05-10-2026 08:00 IST,India,Coimbatore,2019,High,100.00,
05-10-2026 08:00 IST,India,Demow,137,High,100.00,
05-10-2026 08:00 IST,India,Goa,132,Low,23.37,
05-10-2026 08:00 IST,India,Indore,2026,High,100.00,
05-10-2026 08:00 IST,India,Madurai,2027,High,100.00,
05-10-2026 08:00 IST,India,Mangalore,59,Moderate,33.73,
05-10-2026 08:00 IST,India,Manjeri,97,Moderate,33.11,
05-10-2026 08:00 IST,India,Silchar,2062,High,100.00,
05-10-2026 08:00 IST,India,Vijayawada,2064,Low,17.88,
05-10-2026 09:00 IST,India,Coimbatore,2019,High,100.00,
05-10-2026 09:00 IST,India,Demow,137,High,100.00,
05-10-2026 09:00 IST,India,Goa,132,Low,23.37,
05-10-2026 09:00 IST,India,Indore,2026,High,100.00,
05-10-2026 09:00 IST,India,Madurai,2027,High,100.00,
05-10-2026 09:00 IST,India,Mangalore,59,Moderate,33.73,
05-10-2026 09:00 IST,India,Manjeri,97,Moderate,33.11,
05-10-2026 09:00 IST,India,Silchar,2062,High,100.00,
05-10-2026 09:00 IST,India,Vijayawada,2064,Low,17.88,
05-10-2026 10:00 IST,India,Coimbatore,2019,High,100.00,
05-10-2026 10:00 IST,India,Demow,137,High,100.00,
05-10-2026 10:00 IST,India,Goa,132,Low,23.37,
05-10-2026 10:00 IST,India,Indore,2026,High,100.00,
05-10-2026 10:00 IST,India,Madurai,2027,High,100.00,
05-10-2026 10:00 IST,India,Mangalore,59,Moderate,33.73,
05-10-2026 10:00 IST,India,Manjeri,97,Moderate,33.11,
05-10-2026 10:00 IST,India,Silchar,2062,High,100.00,
05-10-2026 10:00 IST,India,Vijayawada,2064,Low,17.88,
05-10-2026 11:00 IST,India,Coimbatore,2019,High,100.00,
05-10-2026 11:00 IST,India,Demow,137,High,100.00,
05-10-2026 11:00 IST,India,Goa,132,Low,23.37,
05-10-2026 11:00 IST,India,Indore,2026,High,100.00,
05-10-2026 11:00 IST,India,Madurai,2027,High,100.00,
05-10-2026 11:00 IST,India,Mangalore,59,Moderate,33.73,
05-10-2026 11:00 IST,India,Manjeri,97,Moderate,33.11,
05-10-2026 11:00 IST,India,Silchar,2062,High,100.00,
05-10-2026 11:00 IST,India,Vijayawada,2064,Low,17.88,
05-10-2026 12:00 IST,India,Coimbatore,2019,High,100.00,
05-10-2026 12:00 IST,India,Demow,137,High,100.00,
05-10-2026 12:00 IST,India,Goa,132,Low,23.37,
05-10-2026 12:00 IST,India,Indore,2026,High,100.00,
05-10-2026 12:00 IST,India,Mangalore,59,Moderate,33.73,
05-10-2026 12:00 IST,India,Manjeri,97,Moderate,33.11,
05-10-2026 12:00 IST,India,Silchar,2062,High,100.00,
05-10-2026 12:00 IST,India,Vijayawada,2064,Low,17.88,
05-10-2026 13:00 IST,India,Coimbatore,2019,High,100.00,
05-10-2026 13:00 IST,India,Demow,137,High,100.00,
05-10-2026 13:00 IST,India,Goa,132,Low,23.37,
05-10-2026 13:00 IST,India,Indore,2026,High,100.00,
05-10-2026 13:00 IST,India,Mangalore,59,Moderate,33.73,
05-10-2026 13:00 IST,India,Manjeri,97,Moderate,33.11,
05-10-2026 13:00 IST,India,Silchar,2062,High,100.00,
05-10-2026 13:00 IST,India,Vijayawada,2064,Low,17.88,
05-10-2026 14:00 IST,India,Coimbatore,2019,High,100.00,
05-10-2026 14:00 IST,India,Demow,137,High,100.00,
05-10-2026 14:00 IST,India,Goa,132,Low,23.37,
05-10-2026 14:00 IST,India,Indore,2026,High,100.00,
05-10-2026 14:00 IST,India,Mangalore,59,Moderate,33.73,
05-10-2026 14:00 IST,India,Manjeri,97,Moderate,33.11,
05-10-2026 14:00 IST,India,Silchar,2062,High,100.00,
05-10-2026 14:00 IST,India,Vijayawada,2064,Low,17.88,
05-10-2026 14:32 IST,India,Coimbatore,2019,High,100.00,
05-10-2026 14:32 IST,India,Demow,137,High,100.00,
05-10-2026 14:32 IST,India,Goa,132,Low,23.22,
05-10-2026 14:32 IST,India,Indore,2026,High,100.00,
05-10-2026 14:32 IST,India,Mangalore,59,Moderate,33.69,
05-10-2026 14:32 IST,India,Manjeri,97,Moderate,33.05,
05-10-2026 14:32 IST,India,Silchar,2062,High,100.00,
05-10-2026 14:32 IST,India,Vijayawada,2064,Low,17.88,
05-10-2026 15:00 IST,India,Coimbatore,2019,High,100.00,
05-10-2026 15:00 IST,India,Demow,137,High,100.00,
05-10-2026 15:00 IST,India,Goa,132,Low,23.22,
05-10-2026 15:00 IST,India,Indore,2026,High,100.00,
05-10-2026 15:00 IST,India,Mangalore,59,Moderate,33.69,
05-10-2026 15:00 IST,India,Manjeri,97,Moderate,33.05,
05-10-2026 15:00 IST,India,Silchar,2062,High,100.00,
05-10-2026 15:00 IST,India,Vijayawada,2064,Low,17.88,
05-10-2026 16:00 IST,India,Coimbatore,2019,High,100.00,
05-10-2026 16:00 IST,India,Demow,137,High,100.00,
05-10-2026 16:00 IST,India,Goa,132,Low,23.22,
05-10-2026 16:00 IST,India,Indore,2026,High,100.00,
05-10-2026 16:00 IST,India,Mangalore,59,Moderate,33.69,
05-10-2026 16:00 IST,India,Manjeri,97,Moderate,33.05,
05-10-2026 16:00 IST,India,Silchar,2062,High,100.00,
05-10-2026 16:00 IST,India,Vijayawada,2064,Low,17.88,
05-10-2026 17:01 IST,India,Coimbatore,2019,High,100.00,
05-10-2026 17:01 IST,India,Demow,137,High,100.00,
05-10-2026 17:01 IST,India,Goa,132,Low,23.22,
05-10-2026 17:01 IST,India,Indore,2026,High,100.00,
05-10-2026 17:01 IST,India,Mangalore,59,Moderate,33.69,
05-10-2026 17:01 IST,India,Manjeri,97,Moderate,33.05,
05-10-2026 17:01 IST,India,Silchar,2062,High,100.00,
05-10-2026 17:01 IST,India,Vijayawada,2064,Low,17.88,
05-10-2026 18:00 IST,India,Coimbatore,2019,High,100.00,
05-10-2026 18:00 IST,India,Demow,137,High,100.00,
05-10-2026 18:00 IST,India,Goa,132,Low,23.22,
05-10-2026 18:00 IST,India,Indore,2026,High,100.00,
05-10-2026 18:00 IST,India,Mangalore,59,Moderate,33.69,
05-10-2026 18:00 IST,India,Manjeri,97,Moderate,33.05,
05-10-2026 18:00 IST,India,Silchar,2062,High,100.00,
05-10-2026 18:00 IST,India,Vijayawada,2064,Low,17.88,
05-10-2026 19:00 IST,India,Coimbatore,2019,High,100.00,
05-10-2026 19:00 IST,India,Demow,137,High,100.00,
05-10-2026 19:00 IST,India,Goa,132,Low,23.22,
05-10-2026 19:00 IST,India,Indore,2026,High,100.00,
05-10-2026 19:00 IST,India,Mangalore,59,Moderate,33.69,
05-10-2026 19:00 IST,India,Manjeri,97,Moderate,33.05,
05-10-2026 19:00 IST,India,Silchar,2062,High,100.00,
05-10-2026 19:00 IST,India,Vijayawada,2064,Low,17.88,
05-10-2026 20:00 IST,India,Coimbatore,2019,High,100.00,
05-10-2026 20:00 IST,India,Demow,137,High,100.00,
05-10-2026 20:00 IST,India,Goa,132,Low,23.22,
05-10-2026 20:00 IST,India,Indore,2026,High,100.00,
05-10-2026 20:00 IST,India,Mangalore,59,Moderate,33.69,
05-10-2026 20:00 IST,India,Manjeri,97,Moderate,33.05,
05-10-2026 20:00 IST,India,Silchar,2062,High,100.00,
05-10-2026 20:00 IST,India,Vijayawada,2064,Low,17.88,
05-10-2026 21:00 IST,India,Coimbatore,2019,High,100.00,
05-10-2026 21:00 IST,India,Demow,137,High,100.00,
05-10-2026 21:00 IST,India,Goa,132,Low,23.22,
05-10-2026 21:00 IST,India,Indore,2026,High,100.00,
05-10-2026 21:00 IST,India,Mangalore,59,Moderate,33.69,
05-10-2026 21:00 IST,India,Manjeri,97,Moderate,33.05,
05-10-2026 21:00 IST,India,Silchar,2062,High,100.00,
05-10-2026 21:00 IST,India,Vijayawada,2064,Low,17.88,
05-10-2026 22:00 IST,India,Coimbatore,2019,High,100.00,
05-10-2026 22:00 IST,India,Demow,137,High,100.00,
05-10-2026 22:00 IST,India,Goa,132,Low,23.22,
05-10-2026 22:00 IST,India,Indore,2026,High,100.00,
05-10-2026 22:00 IST,India,Mangalore,59,Moderate,33.69,
05-10-2026 22:00 IST,India,Manjeri,97,Moderate,33.05,
05-10-2026 22:00 IST,India,Silchar,2062,High,100.00,
05-10-2026 22:00 IST,India,Vijayawada,2064,Low,17.88,
05-10-2026 23:01 IST,India,Coimbatore,2019,High,100.00,
05-10-2026 23:01 IST,India,Demow,137,High,100.00,
05-10-2026 23:01 IST,India,Goa,132,Low,23.22,
05-10-2026 23:01 IST,India,Indore,2026,High,100.00,
05-10-2026 23:01 IST,India,Mangalore,59,Moderate,33.69,
05-10-2026 23:01 IST,India,Manjeri,97,Moderate,33.05,
05-10-2026 23:01 IST,India,Silchar,2062,High,100.00,
05-10-2026 23:01 IST,India,Vijayawada,2064,Low,17.88,
05-10-2026 23:56 IST,India,Coimbatore,2019,High,100.00,
05-10-2026 23:56 IST,India,Demow,137,High,100.00,
05-10-2026 23:56 IST,India,Goa,132,Low,23.22,
05-10-2026 23:56 IST,India,Indore,2026,High,100.00,
05-10-2026 23:56 IST,India,Mangalore,59,Moderate,33.69,
05-10-2026 23:56 IST,India,Manjeri,97,Moderate,33.05,
05-10-2026 23:56 IST,India,Silchar,2062,High,100.00,
05-10-2026 23:56 IST,India,Vijayawada,2064,Low,17.88,
06-10-2026 00:00 IST,India,Coimbatore,2019,High,100.00,
06-10-2026 00:00 IST,India,Demow,137,High,100.00,
06-10-2026 00:00 IST,India,Goa,132,Low,23.22,
06-10-2026 00:00 IST,India,Indore,2026,High,100.00,
06-10-2026 00:00 IST,India,Mangalore,59,Moderate,33.69,
06-10-2026 00:00 IST,India,Manjeri,97,Moderate,33.05,
06-10-2026 00:00 IST,India,Silchar,2062,High,100.00,
06-10-2026 00:00 IST,India,Vijayawada,2064,Low,17.88,
06-10-2026 03:00 IST,India,Coimbatore,2019,High,100.00,
06-10-2026 03:00 IST,India,Demow,137,High,100.00,
06-10-2026 03:00 IST,India,Goa,132,Low,23.31,
06-10-2026 03:00 IST,India,Indore,2026,High,100.00,
06-10-2026 03:00 IST,India,Mangalore,59,Moderate,33.90,
06-10-2026 03:00 IST,India,Manjeri,97,Moderate,33.21,
06-10-2026 03:00 IST,India,Silchar,2062,High,100.00,
06-10-2026 03:00 IST,India,Vijayawada,2064,Low,18.12,
06-10-2026 04:00 IST,India,Coimbatore,2019,High,100.00,
06-10-2026 04:00 IST,India,Demow,137,High,100.00,
06-10-2026 04:00 IST,India,Goa,132,Low,23.31,
06-10-2026 04:00 IST,India,Indore,2026,High,100.00,
06-10-2026 04:00 IST,India,Mangalore,59,Moderate,33.90,
06-10-2026 04:00 IST,India,Manjeri,97,Moderate,33.21,
06-10-2026 04:00 IST,India,Silchar,2062,High,100.00,
06-10-2026 04:00 IST,India,Vijayawada,2064,Low,18.12,
06-10-2026 05:00 IST,India,Coimbatore,2019,High,100.00,
06-10-2026 05:00 IST,India,Demow,137,High,100.00,
06-10-2026 05:00 IST,India,Goa,132,Low,23.31,
06-10-2026 05:00 IST,India,Indore,2026,High,100.00,
06-10-2026 05:00 IST,India,Mangalore,59,Moderate,33.90,
06-10-2026 05:00 IST,India,Manjeri,97,Moderate,33.21,
06-10-2026 05:00 IST,India,Silchar,2062,High,100.00,
06-10-2026 05:00 IST,India,Vijayawada,2064,Low,18.12,
06-10-2026 06:00 IST,India,Coimbatore,2019,High,100.00,
06-10-2026 06:00 IST,India,Demow,137,High,100.00,
06-10-2026 06:00 IST,India,Goa,132,Low,23.31,
06-10-2026 06:00 IST,India,Indore,2026,High,100.00,
06-10-2026 06:00 IST,India,Mangalore,59,Moderate,33.90,
06-10-2026 06:00 IST,India,Manjeri,97,Moderate,33.21,
06-10-2026 06:00 IST,India,Silchar,2062,High,100.00,
06-10-2026 06:00 IST,India,Vijayawada,2064,Low,18.12,
06-10-2026 06:18 IST,India,Coimbatore,2019,High,100.00,
06-10-2026 06:18 IST,India,Demow,137,High,100.00,
06-10-2026 06:18 IST,India,Goa,132,Low,23.31,
06-10-2026 06:18 IST,India,Indore,2026,High,100.00,
06-10-2026 06:18 IST,India,Mangalore,59,Moderate,33.90,
06-10-2026 06:18 IST,India,Manjeri,97,Moderate,33.21,
06-10-2026 06:18 IST,India,Silchar,2062,High,100.00,
06-10-2026 06:18 IST,India,Vijayawada,2064,Low,18.12,
06-10-2026 07:00 IST,India,Coimbatore,2019,High,100.00,
06-10-2026 07:00 IST,India,Demow,137,High,100.00,
06-10-2026 07:00 IST,India,Goa,132,Low,23.31,
06-10-2026 07:00 IST,India,Indore,2026,High,100.00,
06-10-2026 07:00 IST,India,Mangalore,59,Moderate,33.90,
06-10-2026 07:00 IST,India,Manjeri,97,Moderate,33.21,
06-10-2026 07:00 IST,India,Silchar,2062,High,100.00,
06-10-2026 07:00 IST,India,Vijayawada,2064,Low,18.12,
06-10-2026 08:00 IST,India,Coimbatore,2019,High,100.00,
06-10-2026 08:00 IST,India,Demow,137,High,100.00,
06-10-2026 08:00 IST,India,Goa,132,Low,23.31,
06-10-2026 08:00 IST,India,Indore,2026,High,100.00,
06-10-2026 08:00 IST,India,Mangalore,59,Moderate,33.90,
06-10-2026 08:00 IST,India,Manjeri,97,Moderate,33.21,
06-10-2026 08:00 IST,India,Silchar,2062,High,100.00,
06-10-2026 08:00 IST,India,Vijayawada,2064,Low,18.12,
06-10-2026 09:00 IST,India,Coimbatore,2019,High,100.00,
06-10-2026 09:00 IST,India,Demow,137,High,100.00,
06-10-2026 09:00 IST,India,Goa,132,Low,23.31,
06-10-2026 09:00 IST,India,Indore,2026,High,100.00,
06-10-2026 09:00 IST,India,Mangalore,59,Moderate,33.90,
06-10-2026 09:00 IST,India,Manjeri,97,Moderate,33.21,
06-10-2026 09:00 IST,India,Silchar,2062,High,100.00,
06-10-2026 09:00 IST,India,Vijayawada,2064,Low,18.12,
06-10-2026 10:00 IST,India,Coimbatore,2019,High,100.00,
06-10-2026 10:00 IST,India,Demow,137,High,100.00,
06-10-2026 10:00 IST,India,Goa,132,Low,23.31,
06-10-2026 10:00 IST,India,Indore,2026,High,100.00,
06-10-2026 10:00 IST,India,Mangalore,59,Moderate,33.90,
06-10-2026 10:00 IST,India,Manjeri,97,Moderate,33.21,
06-10-2026 10:00 IST,India,Silchar,2062,High,100.00,
06-10-2026 10:00 IST,India,Vijayawada,2064,Low,18.12,
06-10-2026 11:00 IST,India,Coimbatore,2019,High,100.00,
06-10-2026 11:00 IST,India,Demow,137,High,100.00,
06-10-2026 11:00 IST,India,Goa,132,Low,23.31,
06-10-2026 11:00 IST,India,Indore,2026,High,100.00,
06-10-2026 11:00 IST,India,Mangalore,59,Moderate,33.90,
06-10-2026 11:00 IST,India,Manjeri,97,Moderate,33.21,
06-10-2026 11:00 IST,India,Silchar,2062,High,100.00,
06-10-2026 11:00 IST,India,Vijayawada,2064,Low,18.12,
06-10-2026 12:00 IST,India,Coimbatore,2019,High,100.00,
06-10-2026 12:00 IST,India,Demow,137,High,100.00,
06-10-2026 12:00 IST,India,Goa,132,Low,23.31,
06-10-2026 12:00 IST,India,Indore,2026,High,100.00,
06-10-2026 12:00 IST,India,Mangalore,59,Moderate,33.90,
06-10-2026 12:00 IST,India,Manjeri,97,Moderate,33.21,
06-10-2026 12:00 IST,India,Silchar,2062,High,100.00,
06-10-2026 12:00 IST,India,Vijayawada,2064,Low,18.12,
06-10-2026 13:00 IST,India,Coimbatore,2019,High,100.00,
06-10-2026 13:00 IST,India,Demow,137,High,100.00,
06-10-2026 13:00 IST,India,Goa,132,Low,23.31,
06-10-2026 13:00 IST,India,Indore,2026,High,100.00,
06-10-2026 13:00 IST,India,Mangalore,59,Moderate,33.90,
06-10-2026 13:00 IST,India,Manjeri,97,Moderate,33.21,
06-10-2026 13:00 IST,India,Silchar,2062,High,100.00,
06-10-2026 13:00 IST,India,Vijayawada,2064,Low,18.12,
06-10-2026 13:03 IST,India,Coimbatore,2019,High,100.00,
06-10-2026 13:03 IST,India,Demow,137,High,100.00,
06-10-2026 13:03 IST,India,Goa,132,Low,23.31,
06-10-2026 13:03 IST,India,Indore,2026,High,100.00,
06-10-2026 13:03 IST,India,Mangalore,59,Moderate,33.90,
06-10-2026 13:03 IST,India,Manjeri,97,Moderate,33.21,
06-10-2026 13:03 IST,India,Silchar,2062,High,100.00,
06-10-2026 13:03 IST,India,Vijayawada,2064,Low,18.12,
06-10-2026 14:00 IST,India,Coimbatore,2019,High,100.00,
06-10-2026 14:00 IST,India,Demow,137,High,100.00,
06-10-2026 14:00 IST,India,Goa,132,Low,23.31,
06-10-2026 14:00 IST,India,Indore,2026,High,100.00,
06-10-2026 14:00 IST,India,Mangalore,59,Moderate,33.90,
06-10-2026 14:00 IST,India,Manjeri,97,Moderate,33.21,
06-10-2026 14:00 IST,India,Silchar,2062,High,100.00,
06-10-2026 14:00 IST,India,Vijayawada,2064,Low,18.12,
06-10-2026 15:00 IST,India,Coimbatore,2019,High,100.00,
06-10-2026 15:00 IST,India,Demow,137,High,100.00,
06-10-2026 15:00 IST,India,Goa,132,Low,23.18,
06-10-2026 15:00 IST,India,Indore,2026,High,100.00,
06-10-2026 15:00 IST,India,Mangalore,59,Moderate,33.78,
06-10-2026 15:00 IST,India,Manjeri,97,Moderate,33.06,
06-10-2026 15:00 IST,India,Silchar,2062,High,100.00,
06-10-2026 15:00 IST,India,Vijayawada,2064,Low,18.18,
06-10-2026 16:00 IST,India,Coimbatore,2019,High,100.00,
06-10-2026 16:00 IST,India,Demow,137,High,100.00,
06-10-2026 16:00 IST,India,Goa,132,Low,23.18,
06-10-2026 16:00 IST,India,Indore,2026,High,100.00,
06-10-2026 16:00 IST,India,Mangalore,59,Moderate,33.78,
06-10-2026 16:00 IST,India,Manjeri,97,Moderate,33.06,
06-10-2026 16:00 IST,India,Silchar,2062,High,100.00,
06-10-2026 16:00 IST,India,Vijayawada,2064,Low,18.18,
06-10-2026 17:00 IST,India,Coimbatore,2019,High,100.00,
06-10-2026 17:00 IST,India,Demow,137,High,100.00,
06-10-2026 17:00 IST,India,Goa,132,Low,23.18,
06-10-2026 17:00 IST,India,Indore,2026,High,100.00,
06-10-2026 17:00 IST,India,Mangalore,59,Moderate,33.78,
06-10-2026 17:00 IST,India,Manjeri,97,Moderate,33.06,
06-10-2026 17:00 IST,India,Silchar,2062,High,100.00,
06-10-2026 17:00 IST,India,Vijayawada,2064,Low,18.18,
06-10-2026 18:00 IST,India,Coimbatore,2019,High,100.00,
06-10-2026 18:00 IST,India,Demow,137,High,100.00,
06-10-2026 18:00 IST,India,Goa,132,Low,23.18,
06-10-2026 18:00 IST,India,Indore,2026,High,100.00,
06-10-2026 18:00 IST,India,Mangalore,59,Moderate,33.78,
06-10-2026 18:00 IST,India,Manjeri,97,Moderate,33.06,
06-10-2026 18:00 IST,India,Silchar,2062,High,100.00,
06-10-2026 18:00 IST,India,Vijayawada,2064,Low,18.18,
06-10-2026 19:00 IST,India,Coimbatore,2019,High,100.00,
06-10-2026 19:00 IST,India,Demow,137,High,100.00,
06-10-2026 19:00 IST,India,Goa,132,Low,23.18,
06-10-2026 19:00 IST,India,Indore,2026,High,100.00,
06-10-2026 19:00 IST,India,Mangalore,59,Moderate,33.78,
06-10-2026 19:00 IST,India,Manjeri,97,Moderate,33.06,
06-10-2026 19:00 IST,India,Silchar,2062,High,100.00,
06-10-2026 19:00 IST,India,Vijayawada,2064,Low,18.18,
06-10-2026 20:00 IST,India,Coimbatore,2019,High,100.00,
06-10-2026 20:00 IST,India,Demow,137,High,100.00,
06-10-2026 20:00 IST,India,Goa,132,Low,23.18,
06-10-2026 20:00 IST,India,Indore,2026,High,100.00,
06-10-2026 20:00 IST,India,Mangalore,59,Moderate,33.78,
06-10-2026 20:00 IST,India,Manjeri,97,Moderate,33.06,
06-10-2026 20:00 IST,India,Silchar,2062,High,100.00,
06-10-2026 20:00 IST,India,Vijayawada,2064,Low,18.18,
06-10-2026 20:40 IST,India,Coimbatore,2019,High,100.00,
06-10-2026 20:40 IST,India,Demow,137,High,100.00,
06-10-2026 20:40 IST,India,Goa,132,Low,23.18,
06-10-2026 20:40 IST,India,Indore,2026,High,100.00,
06-10-2026 20:40 IST,India,Mangalore,59,Moderate,33.78,
06-10-2026 20:40 IST,India,Manjeri,97,Moderate,33.06,
06-10-2026 20:40 IST,India,Silchar,2062,High,100.00,
06-10-2026 20:40 IST,India,Vijayawada,2064,Low,18.18,
06-10-2026 21:00 IST,India,Coimbatore,2019,High,100.00,
06-10-2026 21:00 IST,India,Demow,137,High,100.00,
06-10-2026 21:00 IST,India,Goa,132,Low,23.18,
06-10-2026 21:00 IST,India,Indore,2026,High,100.00,
06-10-2026 21:00 IST,India,Mangalore,59,Moderate,33.78,
06-10-2026 21:00 IST,India,Manjeri,97,Moderate,33.06,
06-10-2026 21:00 IST,India,Silchar,2062,High,100.00,
06-10-2026 21:00 IST,India,Vijayawada,2064,Low,18.18,
06-10-2026 22:02 IST,India,Coimbatore,2019,High,100.00,
06-10-2026 22:02 IST,India,Demow,137,High,100.00,
06-10-2026 22:02 IST,India,Goa,132,Low,23.18,
06-10-2026 22:02 IST,India,Indore,2026,High,100.00,
06-10-2026 22:02 IST,India,Mangalore,59,Moderate,33.78,
06-10-2026 22:02 IST,India,Manjeri,97,Moderate,33.06,
06-10-2026 22:02 IST,India,Silchar,2062,High,100.00,
06-10-2026 22:02 IST,India,Vijayawada,2064,Low,18.18,
06-10-2026 23:00 IST,India,Coimbatore,2019,High,100.00,
06-10-2026 23:00 IST,India,Demow,137,High,100.00,
06-10-2026 23:00 IST,India,Goa,132,Low,23.18,
06-10-2026 23:00 IST,India,Indore,2026,High,100.00,
06-10-2026 23:00 IST,India,Mangalore,59,Moderate,33.78,
06-10-2026 23:00 IST,India,Manjeri,97,Moderate,33.06,
06-10-2026 23:00 IST,India,Silchar,2062,High,100.00,
06-10-2026 23:00 IST,India,Vijayawada,2064,Low,18.18,
07-10-2026 00:00 IST,India,Coimbatore,2019,High,100.00,
07-10-2026 00:00 IST,India,Demow,137,High,100.00,
07-10-2026 00:00 IST,India,Goa,132,Low,23.18,
07-10-2026 00:00 IST,India,Indore,2026,High,100.00,
07-10-2026 00:00 IST,India,Mangalore,59,Moderate,33.78,
07-10-2026 00:00 IST,India,Manjeri,97,Moderate,33.06,
07-10-2026 00:00 IST,India,Silchar,2062,High,100.00,
07-10-2026 00:00 IST,India,Vijayawada,2064,Low,18.18,
07-10-2026 01:00 IST,India,Coimbatore,2019,High,100.00,
07-10-2026 01:00 IST,India,Demow,137,High,100.00,
07-10-2026 01:00 IST,India,Goa,132,Low,23.18,
07-10-2026 01:00 IST,India,Indore,2026,High,100.00,
07-10-2026 01:00 IST,India,Mangalore,59,Moderate,33.78,
07-10-2026 01:00 IST,India,Manjeri,97,Moderate,33.06,
07-10-2026 01:00 IST,India,Silchar,2062,High,100.00,
07-10-2026 01:00 IST,India,Vijayawada,2064,Low,18.18,
07-10-2026 01:48 IST,India,Coimbatore,2019,High,100.00,
07-10-2026 01:48 IST,India,Demow,137,High,100.00,
07-10-2026 01:48 IST,India,Goa,132,Low,23.18,
07-10-2026 01:48 IST,India,Indore,2026,High,100.00,
07-10-2026 01:48 IST,India,Mangalore,59,Moderate,33.78,
07-10-2026 01:48 IST,India,Manjeri,97,Moderate,33.06,
07-10-2026 01:48 IST,India,Silchar,2062,High,100.00,
07-10-2026 01:48 IST,India,Vijayawada,2064,Low,18.18,
07-10-2026 02:00 IST,India,Coimbatore,2019,High,100.00,
07-10-2026 02:00 IST,India,Demow,137,High,100.00,
07-10-2026 02:00 IST,India,Goa,132,Low,23.18,
07-10-2026 02:00 IST,India,Indore,2026,High,100.00,
07-10-2026 02:00 IST,India,Mangalore,59,Moderate,33.78,
07-10-2026 02:00 IST,India,Manjeri,97,Moderate,33.06,
07-10-2026 02:00 IST,India,Silchar,2062,High,100.00,
07-10-2026 02:00 IST,India,Vijayawada,2064,Low,18.18,
07-10-2026 03:00 IST,India,Coimbatore,2019,High,100.00,
07-10-2026 03:00 IST,India,Demow,137,High,100.00,
07-10-2026 03:00 IST,India,Goa,132,Low,23.31,
07-10-2026 03:00 IST,India,Indore,2026,High,100.00,
07-10-2026 03:00 IST,India,Mangalore,59,Moderate,34.05,
07-10-2026 03:00 IST,India,Manjeri,97,Moderate,33.27,
07-10-2026 03:00 IST,India,Silchar,2062,High,100.00,
07-10-2026 03:00 IST,India,Vijayawada,2064,Low,18.26,
07-10-2026 04:00 IST,India,Coimbatore,2019,High,100.00,
07-10-2026 04:00 IST,India,Demow,137,High,100.00,
07-10-2026 04:00 IST,India,Goa,132,Low,23.31,
07-10-2026 04:00 IST,India,Indore,2026,High,100.00,
07-10-2026 04:00 IST,India,Mangalore,59,Moderate,34.05,
07-10-2026 04:00 IST,India,Manjeri,97,Moderate,33.27,
07-10-2026 04:00 IST,India,Silchar,2062,High,100.00,
07-10-2026 04:00 IST,India,Vijayawada,2064,Low,18.26,
07-10-2026 05:00 IST,India,Coimbatore,2019,High,100.00,
07-10-2026 05:00 IST,India,Demow,137,High,100.00,
07-10-2026 05:00 IST,India,Goa,132,Low,23.31,
07-10-2026 05:00 IST,India,Indore,2026,High,100.00,
07-10-2026 05:00 IST,India,Mangalore,59,Moderate,34.05,
07-10-2026 05:00 IST,India,Manjeri,97,Moderate,33.27,
07-10-2026 05:00 IST,India,Silchar,2062,High,100.00,
07-10-2026 05:00 IST,India,Vijayawada,2064,Low,18.26,
07-10-2026 06:00 IST,India,Coimbatore,2019,High,100.00,
07-10-2026 06:00 IST,India,Demow,137,High,100.00,
07-10-2026 06:00 IST,India,Goa,132,Low,23.31,
07-10-2026 06:00 IST,India,Indore,2026,High,100.00,
07-10-2026 06:00 IST,India,Mangalore,59,Moderate,34.05,
07-10-2026 06:00 IST,India,Manjeri,97,Moderate,33.27,
07-10-2026 06:00 IST,India,Silchar,2062,High,100.00,
07-10-2026 06:00 IST,India,Vijayawada,2064,Low,18.26,
07-10-2026 06:11 IST,India,Coimbatore,2019,High,100.00,
07-10-2026 06:11 IST,India,Demow,137,High,100.00,
07-10-2026 06:11 IST,India,Goa,132,Low,23.31,
07-10-2026 06:11 IST,India,Indore,2026,High,100.00,
07-10-2026 06:11 IST,India,Mangalore,59,Moderate,34.05,
07-10-2026 06:11 IST,India,Manjeri,97,Moderate,33.27,
07-10-2026 06:11 IST,India,Silchar,2062,High,100.00,
07-10-2026 06:11 IST,India,Vijayawada,2064,Low,18.26,
07-10-2026 07:00 IST,India,Coimbatore,2019,High,100.00,
07-10-2026 07:00 IST,India,Demow,137,High,100.00,
07-10-2026 07:00 IST,India,Goa,132,Low,23.31,
07-10-2026 07:00 IST,India,Indore,2026,High,100.00,
07-10-2026 07:00 IST,India,Mangalore,59,Moderate,34.05,
07-10-2026 07:00 IST,India,Manjeri,97,Moderate,33.27,
07-10-2026 07:00 IST,India,Silchar,2062,High,100.00,
07-10-2026 07:00 IST,India,Vijayawada,2064,Low,18.26,
07-10-2026 08:00 IST,India,Coimbatore,2019,High,100.00,
07-10-2026 08:00 IST,India,Demow,137,High,100.00,
07-10-2026 08:00 IST,India,Goa,132,Low,23.31,
07-10-2026 08:00 IST,India,Indore,2026,High,100.00,
07-10-2026 08:00 IST,India,Mangalore,59,Moderate,34.05,
07-10-2026 08:00 IST,India,Manjeri,97,Moderate,33.27,
07-10-2026 08:00 IST,India,Silchar,2062,High,100.00,
07-10-2026 08:00 IST,India,Vijayawada,2064,Low,18.26,
07-10-2026 09:00 IST,India,Coimbatore,2019,High,100.00,
07-10-2026 09:00 IST,India,Demow,137,High,100.00,
07-10-2026 09:00 IST,India,Goa,132,Low,23.31,
07-10-2026 09:00 IST,India,Indore,2026,High,100.00,
07-10-2026 09:00 IST,India,Mangalore,59,Moderate,34.05,
07-10-2026 09:00 IST,India,Manjeri,97,Moderate,33.27,
07-10-2026 09:00 IST,India,Silchar,2062,High,100.00,
07-10-2026 09:00 IST,India,Vijayawada,2064,Low,18.26,
07-10-2026 10:00 IST,India,Coimbatore,2019,High,100.00,
07-10-2026 10:00 IST,India,Demow,137,High,100.00,
07-10-2026 10:00 IST,India,Goa,132,Low,23.31,
07-10-2026 10:00 IST,India,Indore,2026,High,100.00,
07-10-2026 10:00 IST,India,Mangalore,59,Moderate,34.05,
07-10-2026 10:00 IST,India,Manjeri,97,Moderate,33.27,
07-10-2026 10:00 IST,India,Silchar,2062,High,100.00,
07-10-2026 10:00 IST,India,Vijayawada,2064,Low,18.26,
07-10-2026 11:00 IST,India,Coimbatore,2019,High,100.00,
07-10-2026 11:00 IST,India,Demow,137,High,100.00,
07-10-2026 11:00 IST,India,Goa,132,Low,23.31,
07-10-2026 11:00 IST,India,Indore,2026,High,100.00,
07-10-2026 11:00 IST,India,Mangalore,59,Moderate,34.05,
07-10-2026 11:00 IST,India,Manjeri,97,Moderate,33.27,
07-10-2026 11:00 IST,India,Silchar,2062,High,100.00,
07-10-2026 11:00 IST,India,Vijayawada,2064,Low,18.26,
07-10-2026 12:00 IST,India,Coimbatore,2019,High,100.00,
07-10-2026 12:00 IST,India,Demow,137,High,100.00,
07-10-2026 12:00 IST,India,Goa,132,Low,23.31,
07-10-2026 12:00 IST,India,Indore,2026,High,100.00,
07-10-2026 12:00 IST,India,Mangalore,59,Moderate,34.05,
07-10-2026 12:00 IST,India,Manjeri,97,Moderate,33.27,
07-10-2026 12:00 IST,India,Silchar,2062,High,100.00,
07-10-2026 12:00 IST,India,Vijayawada,2064,Low,18.26,
07-10-2026 12:43 IST,India,Coimbatore,2019,High,100.00,
07-10-2026 12:43 IST,India,Demow,137,High,100.00,
07-10-2026 12:43 IST,India,Goa,132,Low,23.31,
07-10-2026 12:43 IST,India,Indore,2026,High,100.00,
07-10-2026 12:43 IST,India,Mangalore,59,Moderate,34.05,
07-10-2026 12:43 IST,India,Manjeri,97,Moderate,33.27,
07-10-2026 12:43 IST,India,Silchar,2062,High,100.00,
07-10-2026 12:43 IST,India,Vijayawada,2064,Low,18.26,
07-10-2026 13:00 IST,India,Coimbatore,2019,High,100.00,
07-10-2026 13:00 IST,India,Demow,137,High,100.00,
07-10-2026 13:00 IST,India,Goa,132,Low,23.31,
07-10-2026 13:00 IST,India,Indore,2026,High,100.00,
07-10-2026 13:00 IST,India,Mangalore,59,Moderate,34.05,
07-10-2026 13:00 IST,India,Manjeri,97,Moderate,33.27,
07-10-2026 13:00 IST,India,Silchar,2062,High,100.00,
07-10-2026 13:00 IST,India,Vijayawada,2064,Low,18.26,
07-10-2026 14:00 IST,India,Coimbatore,2019,High,100.00,
07-10-2026 14:00 IST,India,Demow,137,High,100.00,
07-10-2026 14:00 IST,India,Goa,132,Low,23.31,
07-10-2026 14:00 IST,India,Indore,2026,High,100.00,
07-10-2026 14:00 IST,India,Mangalore,59,Moderate,34.05,
07-10-2026 14:00 IST,India,Manjeri,97,Moderate,33.27,
07-10-2026 14:00 IST,India,Silchar,2062,High,100.00,
07-10-2026 14:00 IST,India,Vijayawada,2064,Low,18.26,
07-10-2026 15:00 IST,India,Coimbatore,2019,High,100.00,
07-10-2026 15:00 IST,India,Demow,137,High,100.00,
07-10-2026 15:00 IST,India,Goa,132,Low,23.38,
07-10-2026 15:00 IST,India,Indore,2026,High,100.00,
07-10-2026 15:00 IST,India,Mangalore,59,Moderate,33.62,
07-10-2026 15:00 IST,India,Manjeri,97,Moderate,33.17,
07-10-2026 15:00 IST,India,Silchar,2062,High,100.00,
07-10-2026 15:00 IST,India,Vijayawada,2064,Low,18.30,
07-10-2026 16:00 IST,India,Coimbatore,2019,High,100.00,
07-10-2026 16:00 IST,India,Demow,137,High,100.00,
07-10-2026 16:00 IST,India,Goa,132,Low,23.38,
07-10-2026 16:00 IST,India,Indore,2026,High,100.00,
07-10-2026 16:00 IST,India,Mangalore,59,Moderate,33.62,
07-10-2026 16:00 IST,India,Manjeri,97,Moderate,33.17,
07-10-2026 16:00 IST,India,Silchar,2062,High,100.00,
07-10-2026 16:00 IST,India,Vijayawada,2064,Low,18.30,
07-10-2026 17:00 IST,India,Coimbatore,2019,High,100.00,
07-10-2026 17:00 IST,India,Demow,137,High,100.00,
07-10-2026 17:00 IST,India,Goa,132,Low,23.38,
07-10-2026 17:00 IST,India,Indore,2026,High,100.00,
07-10-2026 17:00 IST,India,Mangalore,59,Moderate,33.62,
07-10-2026 17:00 IST,India,Manjeri,97,Moderate,33.17,
07-10-2026 17:00 IST,India,Silchar,2062,High,100.00,
07-10-2026 17:00 IST,India,Vijayawada,2064,Low,18.30,
